arc_coordinate,relative_angle_deg,active,facet_length,active_length,average_penetration,maximum_penetration,integrated_normal_force_kn,average_pressure_mpa
-65.2264878943936,-12.457341562699698,0,1.5974441086477675,0.0,0.0,0.0,0.0,0.0
-63.629041898969604,-12.152251850906799,0,1.5974441077420825,0.0,0.0,0.0,0.0,0.0
-62.03159590544036,-11.84716213947577,0,1.597444104857995,0.0,0.0,0.0,0.0,0.0
-60.43414991777869,-11.542072429165367,0,1.5974440960067076,0.0,0.0,0.0,0.0,0.0
-58.83670394781993,-11.236982722235968,0,1.5974440694528491,0.0,0.0,0.0,0.0,0.0
-57.23925802955128,-10.931893025178656,1,1.5974439926263153,1.5974439926263153,0.00013419808817616286,0.0001776459920392881,0.0010718696488947394,0.6709904408808142
-55.64181225772522,-10.626803356089818,1,1.5974437765692309,1.5974437765692309,0.00020778673939503276,0.00020874821564120793,0.0016596381685010386,1.0389336969751637
-54.044366889147,-10.321713764015644,1,1.5974431861329637,1.5974431861329637,0.00021956934074296444,0.0002273335050517744,0.0017537477362677772,1.097846703714822
-52.44692259429256,-10.016624377007606,1,1.597441629129824,1.597441629129824,0.0002411340455807931,0.0002458202694128886,0.0019259878130562368,1.2056702279039655
-50.84948108476208,-9.711535521957261,1,1.5974376155044943,1.5974376155044943,0.0002578418400673854,0.0002628018658583642,0.0020594312708726767,1.289209200336927
-49.252046562772556,-9.406448001428934,1,1.5974276540977228,1.5974276540977228,0.00027424337082493366,0.0002787527732266426,0.0021904197225436285,1.3712168541246685
-47.6546290564178,-9.101363730647467,1,1.5974035843550445,1.5974035843550445,0.00028951327794857207,0.000293819960518249,0.0023123477395671365,1.4475663897428603
-46.05725177578339,-8.796287142412682,1,1.5973472029424134,1.5973472029424134,0.00030403141320789473,0.0003081067799257653,0.002428218637471299,1.5201570660394739
-44.45996647966099,-8.491228121925625,1,1.597219615982934,1.597219615982934,0.00031780323502061947,0.00032167903327717795,0.0025380078049888396,1.5890161751030973
-42.862885929782294,-8.186208205090683,1,1.5969377119055346,1.5969377119055346,0.0003309053312818832,0.0003345940318695284,0.002642176012973168,1.6545266564094163
-41.266245740742576,-7.881272390980865,1,1.5963388974243498,1.5963388974243498,0.00034338625590635274,0.000346903420563649,0.0027408041857211137,1.7169312795317637
-39.670523818305625,-7.576511952873733,1,1.5951011851969417,1.5951011851969417,0.00035529431636405207,0.00035865227363274244,0.0028336519256301827,1.77647158182026
-38.07665604741697,-7.272105631627584,1,1.5926306074229213,1.5926306074229213,0.0003666650651155124,0.000369872012754513,0.0029198100268784167,1.8333253255775617
-36.48639708407204,-6.968388541852538,1,1.587883595499224,1.587883595499224,0.0003775112664072822,0.0003805663760090283,0.0029972197352213033,1.8875563320364108
-34.90291769397178,-6.665966255190223,1,1.5790715082956541,1.5790715082956541,0.00038781261480380635,0.00039070499144600035,0.00306191925297164,1.9390630740190316
-33.33163199785911,-6.365872792535118,1,1.5634962916216466,1.5634962916216466,0.00039750681108330355,0.00040021138130441614,0.0031075021251154578,1.9875340554165177
-31.781184308721055,-6.0697590960570444,1,1.5373956349008755,1.5373956349008755,0.0004064952907469888,0.0004089802217208671,0.0031247204280109137,2.032476453734944
-30.2642662860098,-5.780049094161428,1,1.4964371768210205,1.4964371768210205,0.00041466746370133484,0.00041690073896916147,0.0031026190435037926,2.0733373185066744
-28.797613303385816,-5.499939007779333,1,1.4368658636328777,1.4368658636328777,0.0004219657921566977,0.00042394620874119937,0.003031541211853824,2.109828960783488
-27.400207650781017,-5.233054187239402,1,1.3579429088909403,1.3579429088909403,0.0004284196349999547,0.0004301653463585353,0.002908847026889167,2.1420981749997736
-26.08987461862391,-4.982799012242127,1,1.2627210640193132,1.2627210640193132,0.0004341461892352072,0.00043570670550252544,0.002741027690055055,2.170730946176036
-24.87944806256337,-4.751624568666046,1,1.1581303968369348,1.1581303968369348,0.0004392911690160872,0.00044070110823213327,0.0025437822794978104,2.196455845080436
-23.774388761940912,-4.540573788541562,1,1.051986946271673,1.051986946271673,0.0004439367524753379,0.00044520894209654216,0.002335078342871472,2.2196837623766896
-22.773141213356052,-4.349349592602454,1,0.9505072143423604,0.9505072143423604,0.0004481563095168894,0.0004493202822573039,0.0021298790267442564,2.2407815475844473
-21.868596490126002,-4.176594275862751,1,0.8585815415323299,0.8585815415323299,0.0004519587228912769,0.00045299007456378604,0.0019402170850448784,2.2597936144563846
-21.050748305925637,-4.020396778405688,1,0.7771143165813911,0.7771143165813911,0.00045532930664649035,0.0004562439624464787,0.0017692146147703296,2.2766465332324515
-20.30924674597747,-3.878780412114366,1,0.7058884232068338,0.7058884232068338,0.00045834383897158654,0.000459169624207334,0.001617698048891101,2.2917191948579325
-19.633860914107792,-3.7497912197508168,1,0.6448829535327985,0.6448829535327985,0.000461012348694112,0.0004617272282416707,0.0014864950252047567,2.30506174347056
-19.015415444584605,-3.6316768355419327,1,0.5920077652945277,0.5920077652945277,0.0004633823736810428,0.0004640358287133495,0.0013716298175989394,2.3169118684052137
-18.4460138519019,-3.5229291418461117,1,0.5467952483270789,0.5467952483270789,0.00046548082309527666,0.000466038908371047,0.0012726135112793747,2.3274041154763836
-17.91920125080617,-3.4223153463891314,1,0.5068298179031031,0.5068298179031031,0.00046736492819832165,0.000467894631526633,0.0011843724072652612,2.3368246409916082
-17.429397322013163,-3.3287696866932457,1,0.4727779304847063,0.4727779304847063,0.0004690754705904965,0.0004695333494169063,0.001108842651134573,2.345377352952482
-16.97158983149958,-3.241334896573566,1,0.44283696141410883,0.44283696141410883,0.0004706082455072647,0.00047103531477432625,0.00104201362728431,2.3530412275363237
-16.541818184290502,-3.1592545581086813,1,0.41670625930015665,0.41670625930015665,0.0004719875813918861,0.0004723568720805815,0.0009834008973897055,2.3599379069594306
-16.137040016626347,-3.081947622621365,1,0.3928500144598223,0.3928500144598223,0.00047327002732799883,0.00047364115715708976,0.0009296206853960243,2.366350136639994
-15.754271370988437,-3.0088441962047288,1,0.37268722478161664,0.37268722478161664,0.0004744372863001445,0.00047474007379832983,0.0008840835778206109,2.3721864315007224
-15.391125921824944,-2.939488524249893,1,0.3536036291115057,0.3536036291115057,0.00047550434268828207,0.00047581762044046627,0.0008407003061642881,2.3775217134414106
-15.045697392031965,-2.8735165346480707,1,0.3372533922463257,0.3372533922463257,0.00047651718969632384,0.0004767886794070364,0.0008035351934438555,2.382585948481619
-14.715906172394,-2.810531051295646,1,0.3223290137667143,0.3223290137667143,0.0004774329473207217,0.0004776901704985903,0.0007694524552481195,2.3871647366036086
-14.400376886508681,-2.750269396648961,1,0.30872952887690774,0.30872952887690774,0.0004782946628552054,0.0004785349513554138,0.0007383184296381349,2.391473314276027
-14.097833985071162,-2.6924879587355868,1,0.2963562483248348,0.2963562483248348,0.00047910172904153114,0.00047932740039868804,0.0007099239549234486,2.3955086452076557
-13.807099072613038,-2.6369616805990668,1,0.2851135538111018,0.2851135538111018,0.000479859970880625,0.00048007207061573354,0.0006840729081473342,2.399299854403125
-13.52708753367553,-2.583483415945459,1,0.27490950371522865,0.27490950371522865,0.00048057589648919935,0.00048077713660177324,0.0006605744060067345,2.402879482445997
-13.256824831253411,-2.531867041916834,1,0.2656158828348164,0.2656158828348164,0.00048123076069828125,0.0004814076066850248,0.0006391126667507213,2.4061538034914065
-12.995866632930486,-2.4820276972726956,1,0.25630049734037214,0.25630049734037214,0.0004818675986371091,0.00048205843120285863,0.0006175145259145094,2.409337993185545
-12.74342090503291,-2.4338141147238987,1,0.24859094354799757,0.24859094354799757,0.00048248137179029987,0.0004826449012966805,0.0005997024972884144,2.4124068589514995
-12.498533896273667,-2.3870441411922725,1,0.24118306036347356,0.24118306036347356,0.0004830346122446372,0.0004831904961974942,0.0005824988302132269,2.4151730612231863
-12.260949819607347,-2.34166892495063,1,0.23398508054302147,0.23398508054302147,0.0004835816244792568,0.00048374155812780373,0.0005657544267645203,2.417908122396284
-12.030042319665046,-2.2975688409352597,1,0.22782990793615052,0.22782990793615052,0.0004840950133200295,0.0004842314848474416,0.0005514566115852593,2.420475066600147
-11.805368984426945,-2.254659394674356,1,0.22151675203256185,0.22151675203256185,0.00048458035513476716,0.00048472409582700493,0.000536713331841195,2.422901775673836
-11.58660794744275,-2.212879114204024,1,0.216005312237589,0.216005312237589,0.0004850589197644694,0.00048519147850356603,0.0005238765170867593,2.4252945988223473
-11.37315860459962,-2.172113292588183,1,0.2108933644402765,0.2108933644402765,0.00048549463880931393,0.0004856136425814839,0.0005119379889810654,2.42747319404657
-11.164946508538343,-2.1323477114285705,1,0.20553081932028033,0.20553081932028033,0.0004859249748960792,0.000486054425778093,0.000499362791092889,2.429624874480396
-10.961602172647211,-2.093511803980396,1,0.20115784467403144,0.20115784467403144,0.00048634737805741684,0.0004864618017563771,0.0004891629516644814,2.431736890287084
-10.76255438386191,-2.0554964765843655,1,0.196937725591999,0.196937725591999,0.0004867256382397045,0.00048682960317592006,0.00047927320091120754,2.4336281911985225
-10.567920620109827,-2.0183241658718964,1,0.19232979508255135,0.19232979508255135,0.00048710417055986005,0.0004872187513456083,0.0004684232265381701,2.4355208527993
-10.377462675742422,-1.9819493779152637,1,0.18858608725317885,0.18858608725317885,0.00048747821207939523,0.0004875795842167463,0.0004596580431861423,2.437391060396976
-10.19066654176859,-1.946273944228394,1,0.1850061746577855,0.1850061746577855,0.0004878251053526128,0.00048792401213404446,0.0004512532832165904,2.439125526763064
-10.007371894935257,-1.9112672453254245,1,0.18158311330540858,0.18158311330540858,0.00048815939149449156,0.00048825348488890086,0.0004432075104842178,2.440796957472458
-9.8274812053039,-1.8769106543601761,1,0.17819826056597404,0.17819826056597404,0.0004884790934909233,0.0004885695801135626,0.00043523062391463176,2.4423954674546167
-9.650955712757803,-1.8431967686956443,1,0.17485271943156122,0.17485271943156122,0.0004887940268361035,0.0004888853670763638,0.00042733482417098105,2.4439701341805176
-9.477571784855332,-1.810082877681604,1,0.1719151315459023,0.1719151315459023,0.0004890995639925677,0.0004891846257351062,0.0004204180794141287,2.4454978199628385
-9.307061571279629,-1.7775178256757305,1,0.16910529101467872,0.16910529101467872,0.0004893899498483734,0.0004894725424264834,0.00041379214944384105,2.446949749241867
-9.139300120734184,-1.7454777487382416,1,0.16641760570337943,0.16641760570337943,0.0004896712391087021,0.0004897510489172419,0.0004074495759713861,2.4483561955435107
-8.974167967171276,-1.7139398305347053,1,0.16384669725230158,0.16384669725230158,0.000489943198800802,0.0004900204049818058,0.0004013778748236959,2.449715994004009
-8.811550919181244,-1.6828822621123547,1,0.16138739474559044,0.16138739474559044,0.0004902063305110005,0.0004902810434828098,0.00039556561284483105,2.4510316525550024
-8.651339855709228,-1.6522842028848579,1,0.15903472839020355,0.15903472839020355,0.000490461017477628,0.0004905333480564877,0.0003900016735026873,2.4523050873881402
-8.493430528083135,-1.6221257428224454,1,0.15678392321557352,0.15678392321557352,0.0004907076300924018,0.000490777681363852,0.00038467533698851593,2.453538150462009
-8.337723368315508,-1.5923878658402648,1,0.15463039282346908,0.15463039282346908,0.0004909465147591163,0.0004910143836127645,0.0003795762621625761,2.4547325737955816
-8.184123303626034,-1.5630524143747873,1,0.15256973319957678,0.15256973319957678,0.0004911779968495011,0.0004912437742632392,0.0003746944796641548,2.455889984247506
-8.03253957711112,-1.5341020551342208,1,0.15059771660507773,0.15059771660507773,0.0004914023818685109,0.0004914661532211539,0.000370020383218471,2.4570119093425546
-7.882885574478227,-1.505520246007206,1,0.14871028555691435,0.14871028555691435,0.0004916199567048808,0.0004916818022024927,0.0003655447207353034,2.4580997835244034
-7.735078656745831,-1.4772912041108603,1,0.14690354691734903,0.14690354691734903,0.0004918309906543072,0.00049189098564284,0.00036125858505495635,2.4591549532715358
-7.589039998799496,-1.4493998749572616,1,0.14517376609138521,0.14517376609138521,0.0004920357364994743,0.0004920939516068756,0.00035715340459588563,2.4601786824973715
-7.4446944336870935,-1.4218319027160233,1,0.1435173613483915,0.1435173613483915,0.0004922344314763906,0.0004922909329820868,0.0003532209338515859,2.4611721573819527
-7.301970302531657,-1.394573601549763,1,0.14193089827000746,0.14193089827000746,0.0004924272974733412,0.0004924821471945506,0.0003494532433153175,2.4621364873667058
-7.160799309927324,-1.36761192799676,1,0.14041108433340466,0.14041108433340466,0.0004926145434467344,0.000492667800244817,0.00034584271101880526,2.463072717233672
-7.0211163846829905,-1.3409344543749544,1,0.13895476363180398,0.13895476363180398,0.0004927963455827467,0.0004928480523176404,0.00034238199859533674,2.4639817279137333
-6.882859545775144,-1.314529343180822,1,0.13755891173642407,0.13755891173642407,0.0004929729491891521,0.0004930232046262972,0.0003390641120297763,2.464864745945761
-6.745979585177331,-1.288387196373583,1,0.13620100708439778,0.13620100708439778,0.0004931418803266752,0.0004931891573392022,0.00033583210367993366,2.4657094016333763
-6.610510023475591,-1.2625144159135937,1,0.13473811401716615,0.13473811401716615,0.0004933085898528588,0.0004933575626182574,0.0003323373451262097,2.466542949264294
-6.476389528986459,-1.2368992883121441,1,0.13350287272706574,0.13350287272706574,0.0004934727021463913,0.0004935184796295289,0.0003294001167446545,2.467363510731957
-6.343478753241971,-1.2115151999722478,1,0.13231867658752852,0.13231867658752852,0.0004936294807009745,0.000493674219399054,0.00032658199805470946,2.4681474035048723
-6.211727905705633,-1.186352641601902,1,0.13118301636746643,0.13118301636746643,0.0004937821921942032,0.0004938256215041292,0.00032387918700287803,2.468910960971016
-6.081089651523008,-1.1614025729098296,1,0.13009348993330525,0.13009348993330525,0.0004939305130164939,0.0004939727168107311,0.00032128572111431777,2.4696525650824697
-5.951519006546757,-1.1366564025567392,1,0.12904779800492955,0.12904779800492955,0.0004940745403132495,0.0004941154907669443,0.00031879615738861325,2.4703727015662476
-5.822990933802785,-1.1121093488328058,1,0.12800834551724413,0.12800834551724413,0.0004942118194151135,0.0004942501270761568,0.0003163161866919785,2.4710590970755675
-5.695569216902285,-1.087773593510441,1,0.12683508636775767,0.12683508636775767,0.0004943482442740786,0.0004943887015542714,0.00031350351129126076,2.4717412213703938
-5.569195267308835,-1.0636379470034287,1,0.12591281095033005,0.12591281095033005,0.0004944828841644265,0.0004945201612827077,0.00031130864955984704,2.4724144208221333
-5.443725274472833,-1.0396749435199633,1,0.12502717289268334,0.12502717289268334,0.0004946106460863575,0.0004946471323705737,0.00030919885381400415,2.4730532304317876
-5.3191235483260435,-1.0158777667591103,1,0.12417627760987986,0.12417627760987986,0.000494735593264295,0.0004947712452576525,0.0003071721218633785,2.4736779663214747
-5.195356251863004,-0.9922399543288548,1,0.12335831356040243,0.12335831356040243,0.0004948543168268317,0.0004948872099248547,0.00030522196990921506,2.474271584134158
-5.072487583663499,-0.9687737672547718,1,0.12237902112128095,0.12237902112128095,0.0004949710047696955,0.0004950054814685245,0.000302870335235661,2.4748550238484768
-4.950515207757178,-0.9454787593993873,1,0.12156572901084106,0.12156572901084106,0.0004950872488791447,0.0004951198857270356,0.00030092821166982463,2.475436244395724
-4.829308991288084,-0.9223300772179601,1,0.1208467022785689,0.1208467022785689,0.000495198060804114,0.0004952294012809944,0.00029921526311459714,2.47599030402057
-4.708808180387614,-0.8993161175762903,1,0.12015491790221466,0.12015491790221466,0.0004953055054102151,0.0004953361981279158,0.00029756696169539663,2.476527527051075
-4.588993008497777,-0.8764331053398832,1,0.1194754242848013,0.1194754242848013,0.0004954068722042848,0.000495434703623232,0.00029594473125106634,2.477034361021424
-4.4699575322322715,-0.8536990039987393,1,0.11859552668441728,0.11859552668441728,0.0004955079297701559,0.000495538443942678,0.0002938251195369844,2.4775396488507795
-4.3516647834929145,-0.8311067531661839,1,0.11798996926185586,0.11798996926185586,0.0004956081672560231,0.0004956355252261346,0.00029238396210231444,2.478040836280116
-4.233966412663115,-0.8086280201524731,1,0.11740677088776037,0.11740677088776037,0.0004957026038141521,0.0004957297687724349,0.00029099421017237206,2.4785130190707605
-4.116840692028045,-0.7862586552697471,1,0.116844668894859,0.116844668894859,0.0004957925112876184,0.0004958172544320405,0.000289653559109762,2.4789625564380913
-4.0003602621879075,-0.7640125318507152,1,0.11611618932206719,0.11611618932206719,0.0004958807207060545,0.0004959069052574705,0.0002878988982333367,2.479403603530272
-3.884527220373357,-0.741890050436928,1,0.11554989286796503,0.11554989286796503,0.0004959683878098531,0.000495992817889146,0.00028654547038662925,2.479841939049265
-3.7692221839374263,-0.7198684106223247,1,0.11506017858442409,0.11506017858442409,0.0004960517501899631,0.0004960754494049979,0.0002853790148198664,2.4802587509498153
-3.654398300450179,-0.6979386642519207,1,0.11458758698802886,0.11458758698802886,0.0004961303106938431,0.000496151968434333,0.00028425187567014264,2.4806515534692153
-3.5401248971342447,-0.6761140518499231,1,0.11395921826211475,0.11395921826211475,0.0004962072955834174,0.0004962300851047985,0.0002827369775032217,2.4810364779170864
-3.4264061706744897,-0.6543953749241009,1,0.11347823329570536,0.11347823329570536,0.0004962835199080473,0.0004963047385331265,0.0002815868852646961,2.4814175995402366
-3.3131324882877955,-0.6327616951552244,1,0.11306913013219,0.11306913013219,0.0004963559223085667,0.0004963765052252711,0.0002806126618569526,2.4817796115428337
-3.200261027151008,-0.611204833986515,1,0.1126737908096449,0.1126737908096449,0.000496423576748839,0.000496442054156887,0.00027966963119787193,2.482117883744195
-3.0878756808647267,-0.5897408139154477,1,0.11209690044882543,0.11209690044882543,0.0004964902946937855,0.0004965103369158896,0.00027827511569048635,2.482451473468927
-2.975960280131318,-0.568366546833649,1,0.11173389971980194,0.11173389971980194,0.0004965561292635812,0.0004965740966440535,0.00027741076376194997,2.4827806463179063
-2.86439606152209,-0.5470593505970368,1,0.11139453621317758,0.11139453621317758,0.0004966172048455064,0.0004966344994272731,0.0002766022160462489,2.4830860242275317
-2.753192327049536,-0.5258210017591342,1,0.1110129314583414,0.1110129314583414,0.0004966753905080168,0.0004966916894204587,0.00027568695541755706,2.4833769525400835
-2.6424007603688793,-0.504661371170988,1,0.1105702006437529,0.1105702006437529,0.0004967324201743394,0.0004967490473291036,0.0002746190168246685,2.4836621008716975
-2.5319745281151995,-0.4835715143187638,1,0.11028226261707802,0.11028226261707802,0.0004967875871670913,0.0004968028107441569,0.0002739342957643285,2.4839379358354563
-2.4218316089656966,-0.4625357662837065,1,0.11000357444443842,0.11000357444443842,0.0004968383279049249,0.000496852399578529,0.0002732699599526985,2.4841916395246244
-2.312022088666321,-0.441563692738672,1,0.10961546492828467,0.10961546492828467,0.0004968874466158013,0.0004969017336406978,0.00027233274238909645,2.4844372330790065
-2.202550722118346,-0.42065620180291,1,0.10932726695320084,0.10932726695320084,0.0004969351870727223,0.0004969484630237275,0.00027164282927769155,2.4846759353636116
-2.0933398038503803,-0.39979845282456794,1,0.10909456837665099,0.10909456837665099,0.0004969796927980497,0.0004969921122324195,0.0002710889253888191,2.4848984639902483
-1.9843764132642328,-0.37898797815116203,1,0.10883221159774567,0.10883221159774567,0.0004970213227579734,0.0004970329383695571,0.000270459648834936,2.4851066137898665
-1.8756997340545922,-0.3582322613171302,1,0.10852114563279941,0.10852114563279941,0.0004970614492663117,0.0004970730007016755,0.0002697083896213987,2.485307246331558
-1.7672735377452398,-0.33752438319318745,1,0.10833124580563913,0.10833124580563913,0.0004970996081965495,0.0004971100877924073,0.0002692570992271366,2.485498040982748
-1.6590341894244354,-0.31685219040642565,1,0.10814744966206138,0.10814744966206138,0.00049713429291387,0.0004971438385155125,0.0002688190295909362,2.48567146456935
-1.5510233310239485,-0.2962236359799822,1,0.10787426597215533,0.10787426597215533,0.000497167288642686,0.0004971767931465365,0.000268157781638482,2.485836443213429
-1.443232720719756,-0.27563714584141685,1,0.1077069534763323,0.1077069534763323,0.000497198522424469,0.0004972070507847093,0.00026775869061636726,2.4859926121223452
-1.3355980813056334,-0.25508044394861124,1,0.10756232419730878,0.10756232419730878,0.0004972267921061757,0.0004972345852820581,0.00026741434706056166,2.486133960530879
-1.2281281294055368,-0.2345551950541129,1,0.10737757845357149,0.10737757845357149,0.0004972529226563438,0.0004972602159796224,0.00026696907356899637,2.486264613281719
-1.12083123986082,-0.21406299863480077,1,0.10721619949209296,0.10721619949209296,0.0004972771468203518,0.0004972838393086931,0.0002665808288817482,2.4863857341017592
-1.0136687647599452,-0.1935964734832811,1,0.10710874957044786,0.10710874957044786,0.0004972990291491897,0.0004973049704517507,0.00026632538587383704,2.4864951457459483
-0.906618022431438,-0.17315128771939464,1,0.10699273395038532,0.10699273395038532,0.0004973184775849404,0.0004973237648187023,0.000266047317804281,2.486592387924702
-0.7996943488453923,-0.15273037029767844,1,0.10685461208983131,0.10685461208983131,0.000497335945595978,0.0004973407434931687,0.0002657131977249384,2.4866797279798902
-0.6928756318107965,-0.13232949810073,1,0.1067828208508164,0.1067828208508164,0.0004973512799608669,0.0004973553353124771,0.0002655428631399275,2.4867563998043347
-0.5861268762354932,-0.11194198755826837,1,0.10671468917346232,0.10671468917346232,0.0004973642141976597,0.0004973676264512505,0.000265380337620533,2.486821070988299
-0.4794581077086413,-0.09156975341677996,1,0.1066228467567098,0.1066228467567098,0.0004973750796750664,0.0004973779406327594,0.00026515773450400473,2.4868753983753327
-0.3728558298640827,-0.07121021806019939,1,0.10658170781070979,0.10658170781070979,0.0004973838092325877,0.0004973859882966281,0.0002650600791270275,2.486919046162939
-0.26629104460642594,-0.0508578432602605,1,0.1065478615840894,0.1065478615840894,0.0004973902883591563,0.000497391849989981,0.0002649793579868085,2.4869514417957816
-0.15976037387304132,-0.030511983854524576,1,0.10651347876324133,0.10651347876324133,0.0004973946272457397,0.0004973955706191191,0.00026489616033044714,2.4869731362286984
-0.053251817106048094,-0.010170347905263723,1,0.10650363365200363,0.10650363365200363,0.0004973967996875217,0.0004973971105641795,0.0002648728326679942,2.4869839984376085
0.05325181710551519,0.010170347905161947,1,0.1065036336522701,0.1065036336522701,0.0004973967997159434,0.0004973971106210229,0.000264872832683792,2.486983998579717
0.1597603738725084,0.0305119838544228,1,0.10651347876324131,0.10651347876324131,0.000497394627217318,0.0004973955706191191,0.0002648961603153106,2.48697313608659
0.26629104460589303,0.05085784326015872,1,0.10654786158408931,0.10654786158408931,0.0004973902883591563,0.000497391849989981,0.00026497935798680826,2.486951441795781
0.3728558298635498,0.07121021806009761,1,0.10658170781044339,0.10658170781044339,0.0004973838092325877,0.0004973859882966281,0.00026506007912636487,2.4869190461629382
0.47945810770810837,0.09156975341667818,1,0.10662284675697625,0.10662284675697625,0.0004973750796750664,0.0004973779406327594,0.0002651577345046673,2.486875398375332
0.5861268762352267,0.11194198755821748,1,0.10671468917346232,0.10671468917346232,0.0004973642141976599,0.0004973676264512505,0.000265380337620533,2.486821070988299
0.6928756318102636,0.13232949810062825,1,0.10678282085054995,0.10678282085054995,0.000497351279960867,0.0004973553353124771,0.0002655428631392649,2.486756399804335
0.7996943488448593,0.15273037029757666,1,0.10685461209009765,0.10685461209009765,0.0004973359455675563,0.0004973407434931687,0.0002657131977104158,2.4866797278377817
0.9066180224309051,0.17315128771929286,1,0.10699273395011898,0.10699273395011898,0.0004973184775565187,0.0004973237647618589,0.00026604731778841407,2.486592387782593
1.0136687647591458,0.19359647348312845,1,0.10710874957044786,0.10710874957044786,0.0004972990291776114,0.0004973049705085941,0.0002663253858890581,2.486495145888057
1.120831239860287,0.214062998634699,1,0.10721619949235964,0.10721619949235964,0.0004972771468203518,0.0004972838393086931,0.0002665808288824113,2.4863857341017592
1.2281281294052704,0.23455519505406203,1,0.10737757845357149,0.10737757845357149,0.0004972529226563438,0.0004972602159796224,0.00026696907356899637,2.486264613281719
1.335598081305367,0.25508044394856033,1,0.10756232419730878,0.10756232419730878,0.0004972267921061757,0.0004972345852820581,0.00026741434706056166,2.486133960530879
1.4432327207194895,0.27563714584136595,1,0.1077069534763323,0.1077069534763323,0.0004971985223676256,0.0004972070507278659,0.0002677586905857551,2.485992611838128
1.5510233310234156,0.2962236359798804,1,0.10787426597188887,0.10787426597188887,0.0004971672886142642,0.0004971767930896931,0.00026815778162248986,2.4858364430713213
1.6590341894239025,0.3168521904063239,1,0.10814744966232784,0.10814744966232784,0.00049713429291387,0.0004971438385155125,0.00026881902959159854,2.4856714645693505
1.7672735377449733,0.33752438319313655,1,0.10833124580563913,0.10833124580563913,0.0004970996081965495,0.0004971100877924073,0.0002692570992271366,2.485498040982748
1.8756997340540593,0.35823226131702846,1,0.10852114563253296,0.10852114563253296,0.0004970614492663117,0.0004970730007016755,0.0002697083896207365,2.4853072463315584
1.9843764132636998,0.3789879781510602,1,0.10883221159801189,0.10883221159801189,0.00049702132270113,0.0004970329383695571,0.00027045964880466567,2.48510661350565
2.0933398038498474,0.3997984528244662,1,0.10909456837638455,0.10909456837638455,0.0004969796927696279,0.000496992112175576,0.00027108892537265383,2.4848984638481397
2.202550722117813,0.4206562018028082,1,0.10932726695346773,0.10932726695346773,0.0004969351870727223,0.0004969484630237275,0.0002716428292783547,2.4846759353636116
2.3120220886660547,0.4415636927386211,1,0.10961546492828467,0.10961546492828467,0.0004968874466158013,0.0004969017336406978,0.00027233274238909645,2.4844372330790065
2.4218316089651637,0.46253576628360477,1,0.11000357444417196,0.11000357444417196,0.0004968383279333466,0.000496852399578529,0.0002732699599676691,2.484191639666733
2.5319745281146666,0.48357151431866197,1,0.11028226261734402,0.11028226261734402,0.0004967875871670913,0.0004968028107441569,0.0002739342957649892,2.4839379358354563
2.642400760368613,0.504661371170937,1,0.1105702006437529,0.1105702006437529,0.0004967324201743394,0.0004967490473291036,0.0002746190168246685,2.4836621008716975
2.7531923270490033,0.5258210017590325,1,0.11101293145807496,0.11101293145807496,0.0004966753905080168,0.0004966916894204587,0.0002756869554168954,2.483376952540084
2.864396061521557,0.547059350596935,1,0.11139453621344446,0.11139453621344446,0.0004966172048455064,0.0004966344994272731,0.0002766022160469117,2.483086024227532
2.9759602801310514,0.5683665468335981,1,0.11173389971980194,0.11173389971980194,0.0004965561292351595,0.0004965740966440535,0.0002774107637460716,2.4827806461757973
3.087875680864194,0.589740813915346,1,0.11209690044882499,0.11209690044882499,0.0004964902946653638,0.0004965103368590462,0.0002782751156745553,2.4824514733268184
3.200261027150475,0.6112048339864132,1,0.11267379080937891,0.11267379080937891,0.0004964235767772607,0.000496442054156887,0.0002796696312132236,2.4821178838863034
3.313132488286996,0.6327616951550717,1,0.11306913013218936,0.11306913013218936,0.0004963559223085667,0.0004963765052252711,0.000280612661856951,2.4817796115428337
3.426406170673957,0.6543953749239991,1,0.11347823329570492,0.11347823329570492,0.0004962835199080473,0.0004963047385331265,0.00028158688526469506,2.4814175995402366
3.540124897133712,0.6761140518498213,1,0.1139592182623823,0.1139592182623823,0.0004962072955834174,0.0004962300851047985,0.00028273697750388557,2.481036477917087
3.6543983004499125,0.6979386642518699,1,0.11458758698802772,0.11458758698802772,0.0004961303107222648,0.000496151968434333,0.00028425187568642367,2.480651553611324
3.7692221839368933,0.7198684106222228,1,0.1150601785844248,0.1150601785844248,0.0004960517501899631,0.0004960754494049979,0.00028537901481986814,2.4802587509498153
3.8845272203728243,0.7418900504368263,1,0.11554989286769904,0.11554989286769904,0.0004959683878098531,0.000495992817889146,0.0002865454703859697,2.4798419390492654
4.000360262187375,0.7640125318506134,1,0.11611618932233363,0.11611618932233363,0.0004958807207060545,0.0004959069052574705,0.00028789889823399735,2.4794036035302724
4.1168406920275125,0.7862586552696453,1,0.116844668894859,0.116844668894859,0.0004957925112876183,0.0004958172544320405,0.000289653559109762,2.4789625564380913
4.233966412662582,0.8086280201523715,1,0.11740677088749225,0.11740677088749225,0.0004957026037857303,0.0004957297687724349,0.00029099421015502304,2.478513018928652
4.351664783492115,0.8311067531660312,1,0.11798996926185756,0.11798996926185756,0.0004956081672560231,0.0004956355252261346,0.00029238396210231867,2.4780408362801154
4.469957532231739,0.8536990039986375,1,0.11859552668441639,0.11859552668441639,0.0004955079297701558,0.000495538443942678,0.0002938251195369822,2.477539648850779
4.588993008497244,0.8764331053397814,1,0.11947542428506773,0.11947542428506773,0.0004954068721758631,0.000495434703623232,0.0002959447312347478,2.4770343608793155
4.708808180387347,0.8993161175762394,1,0.12015491790221555,0.12015491790221555,0.0004953055053533717,0.0004953361980710724,0.0002975669616612489,2.476527526766859
4.829308991287817,0.9223300772179093,1,0.12084670227856797,0.12084670227856797,0.0004951980607756923,0.0004952294012241509,0.0002992152630974215,2.4759903038784614
4.950515207756645,0.9454787593992855,1,0.12156572901057464,0.12156572901057464,0.0004950872488223013,0.0004951198856701922,0.000300928211634614,2.4754362441115063
5.072487583662966,0.96877376725467,1,0.12237902112154647,0.12237902112154647,0.0004949710047696954,0.0004950054814685245,0.00030287033523631815,2.4748550238484768
5.195356251862737,0.992239954328804,1,0.12335831356040332,0.12335831356040332,0.0004948543167984099,0.0004948872099248547,0.00030522196989168703,2.4742715839920497
5.319123548325511,1.0158777667590084,1,0.12417627760987884,0.12417627760987884,0.0004947355932358731,0.0004947712452008091,0.0003071721218457295,2.473677966179366
5.4437252744723,1.0396749435198613,1,0.12502717289241796,0.12502717289241796,0.0004946106460863575,0.0004946471323705737,0.0003091988538133479,2.4730532304317876
5.569195267308302,1.0636379470033268,1,0.12591281095059453,0.12591281095059453,0.0004944828841644267,0.0004945201612827077,0.000311308649560501,2.4724144208221337
5.695569216901752,1.0877735935103392,1,0.12683508636749127,0.12683508636749127,0.0004943482442740788,0.0004943887015542714,0.0003135035112906023,2.4717412213703938
5.822990933802252,1.112109348832704,1,0.12800834551751253,0.12800834551751253,0.0004942118194151135,0.0004942501270761568,0.0003163161866926418,2.4710590970755675
5.951519006546491,1.1366564025566883,1,0.12904779800492866,0.12904779800492866,0.0004940745403416713,0.0004941154908237877,0.0003187961574069499,2.4703727017083565
6.081089651522742,1.1614025729097788,1,0.13009348993330525,0.13009348993330525,0.0004939305129880722,0.0004939727167538877,0.00032128572109583033,2.469652564940361
6.2117279057053665,1.186352641601851,1,0.13118301636746527,0.13118301636746527,0.0004937821921657816,0.0004938256215041292,0.00032387918698423295,2.4689109608289077
6.343478753241438,1.211515199972146,1,0.13231867658726423,0.13231867658726423,0.0004936294806725527,0.0004936742193422106,0.00032658199803525356,2.468147403362764
6.47638952898566,1.2368992883119916,1,0.13350287272706363,0.13350287272706363,0.0004934727021463915,0.0004935184796295289,0.0003294001167446493,2.467363510731957
6.6105100234747916,1.262514415913441,1,0.1347381140171674,0.1347381140171674,0.0004933085898528589,0.0004933575626751008,0.0003323373451262128,2.4665429492642943
6.745979585176798,1.2883871963734812,1,0.13620100708466418,0.13620100708466418,0.0004931418803550969,0.0004931891573392022,0.0003358321036999458,2.4657094017754844
6.882859545774878,1.3145293431807712,1,0.13755891173642407,0.13755891173642407,0.0004929729491891521,0.0004930232046262972,0.0003390641120297763,2.464864745945761
7.021116384682458,1.3409344543748527,1,0.13895476363180487,0.13895476363180487,0.0004927963455827467,0.0004928480523176404,0.0003423819985953389,2.463981727913733
7.160799309927057,1.3676119279967092,1,0.14041108433340466,0.14041108433340466,0.0004926145434467344,0.000492667800244817,0.00034584271101880526,2.463072717233672
7.3019703025311244,1.394573601549661,1,0.1419308982697397,0.1419308982697397,0.0004924272974449195,0.0004924821471945506,0.00034945324329448867,2.462136487224598
7.444694433686294,1.4218319027158706,1,0.1435173613483906,0.1435173613483906,0.0004922344314479687,0.0004922909329820868,0.0003532209338311887,2.4611721572398437
7.589039998798963,1.4493998749571597,1,0.14517376609165392,0.14517376609165392,0.0004920357364710526,0.0004920939515500322,0.00035715340457591625,2.460178682355263
7.735078656745564,1.4772912041108095,1,0.14690354691734903,0.14690354691734903,0.0004918309906258854,0.00049189098564284,0.00036125858503408014,2.4591549531294277
7.882885574477694,1.505520246007104,1,0.1487102855566471,0.1487102855566471,0.0004916199567048807,0.0004916818022024927,0.00036554472073464637,2.4580997835244034
8.03253957711032,1.534102055134068,1,0.15059771660507684,0.15059771660507684,0.0004914023818685109,0.0004914661532211539,0.0003700203832184688,2.4570119093425546
8.184123303625501,1.5630524143746853,1,0.15256973319984493,0.15256973319984493,0.0004911779968495011,0.0004912437742632392,0.0003746944796648133,2.4558899842475057
8.337723368315242,1.592387865840214,1,0.15463039282347085,0.15463039282347085,0.0004909465147591163,0.0004910143836127645,0.00037957626216258045,2.4547325737955816
8.493430528082602,1.6221257428223437,1,0.1567839232153054,0.1567839232153054,0.0004907076301208235,0.000490777681363852,0.00038467533701013845,2.4535381506041176
8.651339855708429,1.6522842028847051,1,0.1590347283902019,0.1590347283902019,0.000490461017477628,0.0004905333480564877,0.0003900016735026832,2.4523050873881402
8.811550919180444,1.682882262112202,1,0.1613873947455921,0.1613873947455921,0.0004902063305394222,0.0004902810435396532,0.00039556561286776973,2.451031652697111
8.974167967170743,1.7139398305346036,1,0.16384669725230158,0.16384669725230158,0.000489943198800802,0.0004900204049818058,0.0004013778748236959,2.449715994004009
9.139300120733651,1.7454777487381397,1,0.1664176057033795,0.1664176057033795,0.0004896712391087021,0.0004897510489172419,0.00040744957597138625,2.4483561955435107
9.30706157127883,1.7775178256755777,1,0.16910529101467872,0.16910529101467872,0.0004893899498483734,0.0004894725424264834,0.00041379214944384105,2.446949749241867
9.4775717848548,1.8100828776815021,1,0.17191513154590587,0.17191513154590587,0.000489099563964146,0.0004891846256782628,0.0004204180793897068,2.44549781982073
9.650955712757003,1.8431967686954918,1,0.17485271943155944,0.17485271943155944,0.0004887940268361035,0.0004888853670763638,0.00042733482417097666,2.4439701341805176
9.827481205303101,1.8769106543600234,1,0.17819826056597404,0.17819826056597404,0.0004884790934909233,0.0004885695801135626,0.00043523062391463176,2.4423954674546167
10.007371894934725,1.9112672453253228,1,0.18158311330540858,0.18158311330540858,0.0004881593914660698,0.00048825348488890086,0.0004432075104584132,2.440796957330349
10.190666541768056,1.9462739442282924,1,0.18500617465778357,0.18500617465778357,0.0004878251053810345,0.00048792401213404446,0.00045125328324287673,2.4391255269051726
10.377462675741889,1.9819493779151618,1,0.18858608725318082,0.18858608725318082,0.0004874782121078169,0.0004875795842735897,0.0004596580432129468,2.4373910605390847
10.567920620109028,2.0183241658717437,1,0.19232979508255313,0.19232979508255313,0.00048710417055986,0.0004872187513456083,0.00046842322653817443,2.4355208527993
10.762554383861378,2.055496476584264,1,0.1969377255919952,0.1969377255919952,0.0004867256382397045,0.00048682960317592006,0.0004792732009111983,2.433628191198523
10.961602172646678,2.0935118039802942,1,0.2011578446740353,0.2011578446740353,0.0004863473780858385,0.0004864618018132205,0.0004891629516930771,2.4317368904291925
11.16494650853781,2.132347711428469,1,0.20553081932027856,0.20553081932027856,0.00048592497489607917,0.000486054425778093,0.0004993627910928848,2.429624874480396
11.37315860459882,2.17211329258803,1,0.21089336444000986,0.21089336444000986,0.00048549463880931404,0.0004856136425814839,0.0005119379889804181,2.4274731940465704
11.586607947441951,2.2128791142038713,1,0.21600531223758723,0.21600531223758723,0.00048505891976446947,0.00048519147850356603,0.000523876517086755,2.4252945988223473
11.805368984426146,2.2546593946742033,1,0.22151675203256185,0.22151675203256185,0.00048458035513476716,0.00048472409582700493,0.000536713331841195,2.422901775673836
12.03004231966398,2.2975688409350563,1,0.22782990793615457,0.22782990793615457,0.0004840950133768729,0.000484231484904285,0.0005514566116500224,2.4204750668843644
12.260949819606548,2.3416689249504774,1,0.23398508054301917,0.23398508054301917,0.0004835816244792568,0.00048374155818464715,0.0005657544267645147,2.4179081223962835
12.498533896272868,2.3870441411921197,1,0.2411830603637398,0.2411830603637398,0.00048303461227305894,0.00048319049625433763,0.000582498830248144,2.4151730613652944
12.74342090503211,2.433814114723746,1,0.2485909435477296,0.2485909435477296,0.0004824813717902998,0.0004826449012966805,0.0005997024972877678,2.412406858951499
12.995866632929687,2.482027697272543,1,0.2563004973403746,0.2563004973403746,0.000481867598637109,0.00048205843120285863,0.0006175145259145152,2.4093379931855448
13.256824831252345,2.5318670419166303,1,0.26561588283481746,0.26561588283481746,0.0004812307606982813,0.0004814076066850248,0.0006391126667507239,2.406153803491407
13.527087533674731,2.5834834159453064,1,0.2749095037152269,0.2749095037152269,0.00048057589646077764,0.0004807771365449298,0.0006605744059676631,2.402879482303888
13.807099072612239,2.636961680598914,1,0.28511355381110004,0.28511355381110004,0.00047985997090904675,0.00048007207067257696,0.000684072908187847,2.3992998545452333
14.097833985070096,2.692487958735383,1,0.2963562483248339,0.2963562483248339,0.00047910172904153114,0.00047932740039868804,0.0007099239549234465,2.3955086452076557
14.400376886507615,2.7502693966487572,1,0.30872952887691324,0.30872952887691324,0.0004782946628552054,0.0004785349513554138,0.0007383184296381482,2.391473314276027
14.7159061723932,2.8105310512954933,1,0.3223290137667125,0.3223290137667125,0.0004774329473207218,0.0004776901704985903,0.0007694524552481153,2.3871647366036086
15.045697392030899,2.873516534647867,1,0.3372533922460567,0.3372533922460567,0.0004765171896963239,0.0004767886794070364,0.0008035351934432146,2.3825859484816196
15.391125921823612,2.9394885242496387,1,0.3536036291115075,0.3536036291115075,0.00047550434268828207,0.00047581762044046627,0.0008407003061642924,2.3775217134414106
15.754271370987372,3.0088441962045254,1,0.37268722478161664,0.37268722478161664,0.0004744372863001444,0.00047474007379832983,0.0008840835778206109,2.3721864315007224
16.137040016625015,3.0819476226211107,1,0.39285001445982104,0.39285001445982104,0.00047327002729957707,0.00047364115710024635,0.0009296206853401938,2.366350136497885
16.54181818428917,3.159254558108427,1,0.41670625930015665,0.41670625930015665,0.00047198758144872954,0.00047235687213742494,0.0009834008975081404,2.3599379072436477
16.971589831498246,3.2413348965733118,1,0.44283696141383927,0.44283696141383927,0.00047060824550726466,0.00047103531477432625,0.0010420136272836758,2.3530412275363233
17.429397322011564,3.32876968669294,1,0.47277793048444383,0.47277793048444383,0.0004690754705620747,0.00046953334936006286,0.0011088426510667717,2.3453773528103734
17.919201250804306,3.422315346388775,1,0.5068298179030996,0.5068298179030996,0.00046736492819832165,0.000467894631526633,0.001184372407265253,2.3368246409916082
18.446013851900034,3.5229291418457556,1,0.5467952483270825,0.5467952483270825,0.0004654808230952767,0.000466038908371047,0.0012726135112793831,2.327404115476384
19.01541544458274,3.6316768355415765,1,0.5920077652942618,0.5920077652942618,0.0004633823736810428,0.0004640358287133495,0.0013716298175983233,2.3169118684052137
19.63386091410566,3.7497912197504095,1,0.6448829535327947,0.6448829535327947,0.0004610123486656903,0.00046172722818482725,0.0014864950251131047,2.305061743328452
20.30924674597534,3.878780412113959,1,0.7058884232065641,0.7058884232065641,0.0004583438389715866,0.000459169624207334,0.001617698048890483,2.291719194857933
21.050748305923506,4.020396778405281,1,0.7771143165813911,0.7771143165813911,0.00045532930664649024,0.0004562439624464787,0.0017692146147703296,2.2766465332324515
21.868596490123604,4.176594275862294,1,0.8585815415320636,0.8585815415320636,0.0004519587228912769,0.00045299007456378604,0.0019402170850442767,2.259793614456385
22.773141213353387,4.349349592601945,1,0.9505072143420947,0.9505072143420947,0.00044815630948846774,0.0004493202822573039,0.0021298790266085854,2.2407815474423387
23.77438876193798,4.5405737885410025,1,1.051986946271403,1.051986946271403,0.00044393675244691627,0.00044520894209654216,0.002335078342721376,2.219683762234581
24.879448062560172,4.751624568665436,1,1.1581303968364025,1.1581303968364025,0.00043929116901608717,0.00044070110823213327,0.002543782279496641,2.1964558450804357
26.08987461862018,4.982799012241415,1,1.2627210640190598,1.2627210640190598,0.0004341461892067855,0.000435706705445682,0.002741027689875061,2.1707309460339275
27.40020765077702,5.233054187238638,1,1.3579429088909403,1.3579429088909403,0.0004284196349999547,0.0004301653463585353,0.002908847026889167,2.1420981749997736
28.79761330338182,5.49993900777857,1,1.4368658636326108,1.4368658636326108,0.0004219657920998543,0.00042394620868435595,0.0030315412114448794,2.1098289604992715
30.264266286005537,5.7800490941606135,1,1.4964371768210147,1.4964371768210147,0.0004146674637013348,0.00041690073896916147,0.00310261904350378,2.073337318506674
31.781184308716792,6.06975909605623,1,1.5373956349006115,1.5373956349006115,0.00040649529077541047,0.0004089802217208671,0.003124720428228854,2.0324764538770523
33.331631997854586,6.365872792534253,1,1.5634962916213793,1.5634962916213793,0.00039750681111172526,0.00040021138130441614,0.0031075021253371125,1.987534055558626
34.902917693966984,6.665966255189307,1,1.5790715082956404,1.5790715082956404,0.0003878126148038064,0.00039070499144600035,0.0030619192529716135,1.939063074019032
36.48639708406725,6.968388541851622,1,1.5878835954989632,1.5878835954989632,0.00037751126640728216,0.0003805663760090283,0.0029972197352208106,1.8875563320364108
38.0766560474119,7.2721056316266175,1,1.5926306074229213,1.5926306074229213,0.00036666506511551233,0.000369872012754513,0.0029198100268784167,1.8333253255775617
39.67052381830083,7.576511952872816,1,1.5951011851969492,1.5951011851969492,0.00035529431636405207,0.00035865227363274244,0.002833651925630196,1.7764715818202603
41.26624574073779,7.881272390979949,1,1.5963388974246173,1.5963388974246173,0.00034338625593477445,0.0003469034206204924,0.0027408041859484267,1.7169312796738723
42.86288592977776,8.186208205089818,1,1.5969377119055335,1.5969377119055335,0.00033090533128188326,0.000334594031812685,0.002642176012973166,1.654526656409416
44.4599664796562,8.491228121924708,1,1.5972196159829408,1.5972196159829408,0.00031780323502061947,0.00032167903327717795,0.0025380078049888504,1.5890161751030971
46.057251775778596,8.796287142411765,1,1.5973472029423976,1.5973472029423976,0.00030403141320789473,0.0003081067799257653,0.002428218637471275,1.5201570660394739
47.654629056413,9.101363730646552,1,1.5974035843550356,1.5974035843550356,0.00028951327794857207,0.000293819960518249,0.002312347739567124,1.4475663897428606
49.25204656276776,9.40644800142802,1,1.5974276540977368,1.5974276540977368,0.00027424337082493366,0.0002787527732266426,0.0021904197225436476,1.3712168541246683
50.84948108475729,9.711535521956346,1,1.5974376155044943,1.5974376155044943,0.0002578418400673854,0.0002628018658583642,0.0020594312708726767,1.289209200336927
52.446922594287756,10.01662437700669,1,1.5974416291295592,1.5974416291295592,0.00024113404563763652,0.000245820269469732,0.001925987813509938,1.2056702281881824
54.0443668891422,10.321713764014728,1,1.597443186132967,1.597443186132967,0.00021956934077138615,0.00022733350510861783,0.001753747736494791,1.0978467038569306
55.64181225772016,10.626803356088852,1,1.5974437765692273,1.5974437765692273,0.00020778673939503276,0.00020874821564120793,0.0016596381685010351,1.038933696975164
57.239258029546214,10.93189302517769,1,1.5974439926260426,1.5974439926260426,0.00013419808817616286,0.0001776459920392881,0.0010718696488945566,0.6709904408808143
58.83670394781486,11.236982722235002,0,1.597444069453111,0.0,0.0,0.0,0.0,0.0
60.434149917773624,11.5420724291644,0,1.5974440960064524,0.0,0.0,0.0,0.0,0.0
62.03159590543503,11.847162139474753,0,1.5974441048579973,0.0,0.0,0.0,0.0,0.0
63.629041898964275,12.152251850905781,0,1.5974441077418204,0.0,0.0,0.0,0.0,0.0
65.22648789438827,12.45734156269868,0,1.5974441086477622,0.0,0.0,0.0,0.0,0.0
