contour,relative_angle_deg,radius_мм,sigma_rr_mpa,sigma_tt_mpa,tau_rt_mpa
inner,-30.000000000000068,249.99999999999994,0.1797750391633572,0.13050059783534715,0.08873783536735422
inner,-29.250000000000064,249.99999999999994,0.13442330417709084,0.10560131463349573,0.06968045500493082
inner,-28.50000000000006,249.99999999999997,0.07738507189621213,0.07707127342591794,0.04376917795538851
inner,-27.750000000000156,249.99999999999997,0.06052106500813127,0.0669063888784854,0.0324972944969255
inner,-27.000000000000153,249.99999999999994,0.0491349948308783,0.0572845481162195,0.025987440231227038
inner,-26.25000000000025,249.99999999999994,0.040455231113871906,0.04816095988950618,0.021112432436907025
inner,-25.500000000000245,249.99999999999994,0.0326964729701546,0.03917260199870542,0.01692649017605726
inner,-24.75000000000024,249.99999999999994,0.024916900674447535,0.03031310261831081,0.012931816846642982
inner,-24.000000000000288,249.99999999999997,0.01632964014465968,0.021607260283654266,0.008789954604136369
inner,-23.250000000000334,249.99999999999997,0.006203418144129185,0.013133946334582314,0.004223939491145607
inner,-22.50000000000033,249.99999999999997,-0.006218356966472218,0.005017725802474264,-0.0010138769737188767
inner,-21.750000000000377,249.99999999999997,-0.021757321644479116,-0.0025646409274597466,-0.007156663556391668
inner,-21.000000000000423,249.99999999999997,-0.04132743092001069,-0.009377601008606256,-0.014428796003235456
inner,-20.25000000000042,250.00000000000003,-0.06595199220695834,-0.015119501806718333,-0.023046042112889638
inner,-19.500000000000465,250.00000000000003,-0.09677188422467238,-0.01941745982827501,-0.03321109689397397
inner,-18.75000000000051,250.0,-0.13504205482158035,-0.02182695362084118,-0.045104399524936674
inner,-18.000000000000508,250.00000000000003,-0.18211152820455812,-0.02184144395162901,-0.05887007259199268
inner,-17.250000000000554,250.00000000000003,-0.23936254268194784,-0.01890600045342281,-0.07459639234783508
inner,-16.5000000000006,250.00000000000003,-0.3081213812745871,-0.012552816612128339,-0.09225827644215584
inner,-15.7500000000007,250.00000000000003,-0.38943318149577494,-0.0025952222645587186,-0.1116274676265816
inner,-15.000000000000645,250.00000000000003,-0.4837275077880024,0.01081849908372646,-0.1322256940199854
inner,-14.25000000000064,250.00000000000003,-0.5906174394624083,0.027254465542313158,-0.15335299714774595
inner,-13.500000000000636,250.00000000000006,-0.708871681437419,0.046027573633418695,-0.17414517444710906
inner,-12.750000000000632,250.00000000000003,-0.8364594334044193,0.06613305671048023,-0.19360559308377742
inner,-12.000000000000627,250.00000000000003,-0.9705826805149993,0.08649362273680716,-0.21072364424677137
inner,-11.250000000000675,250.00000000000003,-1.1081578047227163,0.10647201687975086,-0.22471777811047064
inner,-10.50000000000067,250.00000000000003,-1.2466927483195986,0.12577048267824764,-0.235113899357439
inner,-9.750000000000563,250.00000000000003,-1.3843640939814679,0.14410091068624564,-0.24162319426399814
inner,-9.00000000000056,249.99999999999997,-1.519519276513334,0.16119249494613788,-0.24405582096033873
inner,-8.250000000000556,249.99999999999994,-1.6505135726697988,0.17682865558732414,-0.24230721163168212
inner,-7.500000000000552,249.99999999999997,-1.7757411132741983,0.1908525755407886,-0.2363627370207796
inner,-6.750000000000547,249.99999999999997,-1.8936762662212334,0.20317044434709247,-0.22629915137067227
inner,-6.000000000000543,249.99999999999997,-2.002906338726334,0.2137518975315007,-0.21228141729379302
inner,-5.250000000000538,249.99999999999997,-2.1021566997566645,0.22262731967665128,-0.19455639078886372
inner,-4.500000000000535,249.99999999999997,-2.1903092318297195,0.22988008134582066,-0.1734438999716164
inner,-3.750000000000479,249.99999999999997,-2.2664121525001875,0.23563476951362583,-0.14932617111034738
inner,-3.0000000000004747,250.00000000000003,-2.329682302300962,0.24004168583725088,-0.1226364232973283
inner,-2.2500000000004707,250.00000000000003,-2.379500647730714,0.24325903005492958,-0.09384756375280712
inner,-1.5000000000004665,250.00000000000006,-2.4154031178560533,0.2454343717250057,-0.063461709330458
inner,-0.7500000000004622,250.0,-2.4370692873771,0.2466874268706658,-0.03200101997961584
inner,-4.579998741307465e-13,249.99999999999997,-2.4443118602290794,0.2470960997799527,1.6188305567889522e-09
inner,0.7499999999995463,250.00000000000003,-2.437069285379304,0.2466874288628563,0.032001022384364336
inner,1.4999999999995506,250.00000000000006,-2.415403113578272,0.24543438378416096,0.06346171028679791
inner,2.2499999999995546,250.00000000000003,-2.3795006410900936,0.2432590448194497,0.09384756370824372
inner,2.9999999999996096,250.0,-2.3296822830209902,0.24004170994999482,0.12263642171464952
inner,3.749999999999614,249.99999999999997,-2.2664121434041165,0.23563479317167288,0.1493261686676368
inner,4.499999999999618,250.0,-2.1903092353339093,0.22988011610646172,0.17344389683085754
inner,5.2499999999996225,249.99999999999991,-2.102156709482042,0.22262736824435397,0.1945563871163974
inner,5.999999999999627,249.99999999999997,-2.0029063375892204,0.21375195425066282,0.21228141516535634
inner,6.749999999999631,249.99999999999997,-1.8936762306083763,0.2031705063090987,0.22629914960238792
inner,7.499999999999635,249.99999999999997,-1.7757410432960823,0.1908526313514266,0.23636273040247907
inner,8.249999999999691,250.00000000000003,-1.6505135003410132,0.17682868094800983,0.24230719905370063
inner,8.999999999999694,250.0,-1.5195192015598915,0.1611925015871214,0.24405580529402887
inner,9.749999999999698,249.99999999999997,-1.384363999648511,0.144100919738141,0.2416231778317381
inner,10.499999999999703,250.00000000000003,-1.2466926481900311,0.1257704849359415,0.23511388288758428
inner,11.249999999999707,250.00000000000003,-1.1081577072772695,0.10647201855328216,0.22471776030777285
inner,11.999999999999712,250.00000000000003,-0.9705825819476726,0.08649363679917708,0.21072362488115703
inner,12.749999999999716,250.00000000000003,-0.836459327786763,0.06613308358080913,0.19360557266347614
inner,13.49999999999972,250.00000000000003,-0.7088715783704659,0.04602759710674038,0.1741451526934278
inner,14.249999999999725,250.00000000000003,-0.5906173613867062,0.02725446293006431,0.15335297401164036
inner,14.99999999999978,250.00000000000006,-0.48372746714450665,0.010818473304633192,0.13222567502492485
inner,15.749999999999783,250.00000000000003,-0.3894331778697237,-0.002595238102686453,0.11162745954272374
inner,16.499999999999787,250.00000000000006,-0.3081214104265681,-0.012552802766419449,0.09225827993885735
inner,17.24999999999979,250.00000000000003,-0.2393625930311212,-0.01890596653508493,0.07459640391245008
inner,17.999999999999797,250.00000000000006,-0.1821115873192266,-0.02184140311502295,0.05887008759550502
inner,18.7499999999998,250.00000000000003,-0.13504210707398756,-0.021826898830357266,0.045104414371825906
inner,19.499999999999805,250.00000000000003,-0.09677191966887674,-0.019417388744448864,0.03321110731706625
inner,20.249999999999808,250.0,-0.06595201179849798,-0.01511943308619891,0.023046044413995173
inner,20.999999999999865,250.00000000000003,-0.041327428427879176,-0.009377534155065934,0.014428791878507617
inner,21.74999999999987,250.0,-0.02175730844832841,-0.0025645692438230104,0.007156658070858465
inner,22.499999999999872,249.99999999999997,-0.00621834039945756,0.005017810449743501,0.0010138716024891492
inner,23.249999999999876,249.99999999999997,0.006203430561965069,0.013134029155579664,-0.004223947288709706
inner,23.999999999999883,249.99999999999997,0.016329655403859444,0.021607333185276835,-0.008789965507345784
inner,24.749999999999886,249.99999999999997,0.024916932111231332,0.03031317089736514,-0.012931832290657745
inner,25.49999999999989,249.99999999999997,0.032696513652495644,0.039172661516233866,-0.016926510136197587
inner,26.249999999999893,249.99999999999997,0.04045527219382937,0.04816100756647393,-0.02111245421218256
inner,26.99999999999995,249.99999999999994,0.049135046424802806,0.05728458928642893,-0.02598746586568965
inner,27.749999999999954,249.99999999999997,0.060521131782328194,0.06690642460140965,-0.03249732687211029
inner,28.499999999999957,249.99999999999994,0.07738512984608767,0.07707128491754967,-0.04376921514037266
inner,29.24999999999996,250.0,0.1344233858847837,0.10560132171340642,-0.06968049699512868
inner,29.999999999999964,249.99999999999997,0.17977514944931167,0.13050061247418168,-0.08873788181699745
mid,-30.000000000000068,275.143816294743,0.030998315618713114,0.0001820088469969474,0.006076110749987556
mid,-29.165957572201872,275.14381629474303,0.03209299327159734,0.0005260010077416492,0.010538619722818904
mid,-28.33191514440378,275.14381629474303,0.033311233989293074,0.0014479775724246507,0.019435465199494385
mid,-27.497872716605688,275.143816294743,0.03295084187543305,0.002559728979185455,0.027411631724703407
mid,-26.663830288807496,275.143816294743,0.03155805237699533,0.003432665779860817,0.03446097561828526
mid,-25.8297878610094,275.143816294743,0.02952204350690795,0.0036914695284404296,0.0405734621709045
mid,-24.995745433211308,275.143816294743,0.02706125325350863,0.0030290878080017677,0.04571755966475806
mid,-24.161703005413116,275.14381629474303,0.024226488943884975,0.001196101867280478,0.04981453690402675
mid,-23.327660577615024,275.14381629474303,0.020906416084727878,-0.0020201036933533596,0.05270749076066106
mid,-22.49361814981688,275.14381629474303,0.016829203349585077,-0.0068163385302457205,0.05412989169347903
mid,-21.659575722018737,275.14381629474303,0.011554317727914397,-0.013387418438670674,0.05367453160052591
mid,-20.825533294220644,275.14381629474303,0.004449362593276784,-0.021927480160314494,0.05076250872685414
mid,-19.99149086642245,275.14381629474303,-0.00535283629319017,-0.03261452827612444,0.0446119137880394
mid,-19.157448438624357,275.14381629474303,-0.019021968413182922,-0.04557382640081737,0.034207030305191816
mid,-18.323406010826215,275.1438162947431,-0.03812794840126836,-0.060814532862086476,0.018270400653489585
mid,-17.489363583028172,275.14381629474303,-0.06477312149150867,-0.07813258323860271,-0.004760341200230939
mid,-16.65532115523242,275.1438162947431,-0.10176668207270129,-0.09696983442884588,-0.03674732757309257
mid,-15.821278727610556,275.1438162947431,-0.15275991827074073,-0.11625691515784592,-0.07999287411362101
mid,-14.98723630867298,275.14381629474303,-0.22487371664404865,-0.13313534938817376,-0.13434358504274083
mid,-14.153194188977917,275.1438162947431,-0.3260361919027319,-0.1432697962298717,-0.19461579298780535
mid,-13.319159176549531,275.1438162947431,-0.457942522861864,-0.14357105792710628,-0.2532197304065452
mid,-12.48524022850982,275.1438162947431,-0.6157234736268307,-0.1335504581984755,-0.3034105302259721
mid,-11.652606663438885,275.14381629474303,-0.7911892128213268,-0.11488499496984383,-0.3406849611606687
mid,-10.828976077511044,275.1438162947431,-0.9746158285307958,-0.09061965030734621,-0.36320982020660797
mid,-10.038156643531371,275.1438162947431,-1.1542886198451652,-0.06457479338841066,-0.37242646673542307
mid,-9.300681023628368,275.1438162947431,-1.320303637726229,-0.03984621223415145,-0.3719989334565148
mid,-8.60880330554571,275.14381629474303,-1.4703441578844372,-0.01757202748363905,-0.3649608300803664
mid,-7.946582773051001,275.14381629474303,-1.607046841210225,0.0022594361373369093,-0.35290322415106423
mid,-7.303108597138687,275.14381629474303,-1.732728917790559,0.01983998540708164,-0.33668879901302584
mid,-6.671957513878831,275.143816294743,-1.8483645397748836,0.03529596142708881,-0.31693972165195833
mid,-6.049353299020425,275.143816294743,-1.954162278110648,0.04870889012251613,-0.2942132737462776
mid,-5.432872620533878,275.14381629474303,-2.0500195444358753,0.06015848665671934,-0.26904441326660805
mid,-4.820951509484073,275.14381629474303,-2.1357550057277357,0.06974552060120952,-0.24195121870622294
mid,-4.2124794298514034,275.14381629474303,-2.211220342995843,0.07760168882875826,-0.21341683246718188
mid,-3.606645362473945,275.1438162947431,-2.2763459024497545,0.08388718020464637,-0.1838710363244124
mid,-3.0028415844313794,275.14381629474303,-2.3311465574196832,0.08878117563383846,-0.15367419488183948
mid,-2.4005850576620835,275.1438162947431,-2.3757070523134907,0.09246857382797566,-0.12310631155672411
mid,-1.799494395068019,275.1438162947431,-2.410155446210296,0.09512508717012218,-0.09236518640469794
mid,-1.199221957859283,275.1438162947431,-2.43463252580075,0.09690333479119127,-0.06157043356228316
mid,-0.5994817434585977,275.14381629474303,-2.4492622854746933,0.09792084948488594,-0.0307786054126106
mid,-3.562221243239139e-13,275.143816294743,-2.4541289338991548,0.0982516063574064,3.822632506922328e-09
mid,0.5994817434578852,275.1438162947431,-2.449262248134111,0.09792085158090853,0.03077861127880938
mid,1.1992219578585708,275.1438162947431,-2.434632472762461,0.09690335053918156,0.06157043340961119
mid,1.7994943950673066,275.1438162947431,-2.410155398194459,0.09512512154108438,0.09236516635711832
mid,2.4005850576613708,275.14381629474303,-2.3757070068402673,0.09246862051801377,0.12310627675928426
mid,3.002841584430667,275.1438162947431,-2.331146499628951,0.08878122835878098,0.1536741646418707
mid,3.6066453624732326,275.1438162947431,-2.2763458403197983,0.0838872264389286,0.18387101107525755
mid,4.212479429850691,275.14381629474303,-2.2112202858414807,0.07760172908015583,0.2134168060159859
mid,4.82095150948336,275.1438162947431,-2.1357549554334945,0.06974555298732371,0.24195119398267564
mid,5.432872620533114,275.143816294743,-2.05001949385251,0.060158509993323575,0.26904439526267027
mid,6.0493532990196615,275.14381629474303,-1.9541622098304778,0.0487089166344272,0.2942132628606553
mid,6.671957513878119,275.14381629474303,-1.848364463834957,0.035295995934488955,0.3169397159557852
mid,7.3031085971379746,275.143816294743,-1.732728862642666,0.01984002111222573,0.33668879543646235
mid,7.946582773050288,275.143816294743,-1.6070468170865684,0.0022594673000613866,0.3529032195997797
mid,8.608803305544946,275.14381629474303,-1.4703441477661932,-0.017571993023329152,0.36496082268741253
mid,9.300681023627554,275.14381629474303,-1.320303623389293,-0.03984618420854595,0.3719989274020873
mid,10.038156643530506,275.14381629474303,-1.1542886005906723,-0.06457478190418055,0.37242646289367165
mid,10.828976077510127,275.14381629474303,-0.9746158207613607,-0.09061963985789018,0.3632098108075827
mid,11.65260666343797,275.1438162947431,-0.7911892119236392,-0.11488496505643442,0.3406849407665076
mid,12.485240228508854,275.1438162947431,-0.6157234752343478,-0.13355041033944495,0.30341049869593406
mid,13.319159176548563,275.1438162947431,-0.45794253651733885,-0.14357100017560684,0.25321969454762344
mid,14.153194188977,275.1438162947431,-0.3260361847294475,-0.1432697285821103,0.19461576719994922
mid,14.987236308672115,275.1438162947431,-0.22487366847043977,-0.1331352729139188,0.13434357071324948
mid,15.821278727609743,275.1438162947431,-0.15275983493306805,-0.1162568515179111,0.0799928687975099
mid,16.655321155231608,275.1438162947431,-0.10176656687311612,-0.09696978635875182,0.03674732610525792
mid,17.48936358302736,275.14381629474303,-0.06477298298192663,-0.07813252588382356,0.00476034149106409
mid,18.3234060108255,275.14381629474303,-0.03812782195149055,-0.06081447292839304,-0.018270396837061765
mid,19.157448438623696,275.1438162947431,-0.01902186810561867,-0.045573779124244734,-0.034207021694353044
mid,19.991490866421838,275.14381629474303,-0.005352747304437166,-0.03261448912721665,-0.044611902993798955
mid,20.825533294220033,275.14381629474303,0.004449428810812492,-0.021927444410962525,-0.050762504551872936
mid,21.65957572201823,275.14381629474303,0.011554365988573383,-0.013387393751547908,-0.05367452995507018
mid,22.49361814981637,275.14381629474303,0.01682924752214798,-0.0068163199402935595,-0.05412989414128079
mid,23.327660577614566,275.14381629474303,0.020906433040953312,-0.0020200867090144695,-0.05270750552570198
mid,24.161703005412758,275.143816294743,0.024226470726464434,0.0011961226991804123,-0.04981455649774094
mid,24.995745433210903,275.14381629474303,0.0270612215213754,0.003029116929528947,-0.04571756279495692
mid,25.8297878610091,275.143816294743,0.02952200564571343,0.003691498985775971,-0.04057344171976865
mid,26.66383028880729,275.14381629474303,0.0315580148067898,0.00343269009126977,-0.0344609531096097
mid,27.497872716605436,275.143816294743,0.032950798274541906,0.002559738200825286,-0.027411631965445032
mid,28.331915144403578,275.14381629474303,0.033311172837105156,0.001447984725354714,-0.019435480939277827
mid,29.165957572201773,275.143816294743,0.03209291210265722,0.0005260166100311834,-0.010538629266352644
mid,29.999999999999964,275.14381629474303,0.030998222975386503,0.00018202453080925184,-0.00607611353431918
outer,-30.000000000000068,299.99999999999994,0.00015876042791179257,-0.0012658552861243505,-0.0003873119639521943
outer,-28.91766490295526,300.0,-0.0010562395855983093,-0.001758452336530936,-0.0001679249078729659
outer,-27.835329805910447,299.99999999999994,-0.0025068043830610196,0.0005110127783788246,0.0002071751986431206
outer,-26.75299470886574,299.99999999999994,-0.00299014401126042,0.009017832680834491,0.00048613484491864464
outer,-25.67065961182093,299.99999999999994,-0.0035706944169345226,0.023265472918570167,0.0007372127535010924
outer,-24.58832451477622,300.0,-0.0044485334063219095,0.04290931043185475,0.0009588940886342736
outer,-23.50598941773141,300.0,-0.005745882120658158,0.0676985639235659,0.0011655742026464647
outer,-22.4236543206866,300.0,-0.007576845444991334,0.09756336520837847,0.0013668790375704273
outer,-21.341319223641843,300.0,-0.01009048946437157,0.1325610264906576,0.001566314852386251
outer,-20.258984126597085,300.0,-0.013472088857616714,0.17277022316196972,0.0017577642184320036
outer,-19.176649029552273,300.0,-0.017919466016297077,0.2181031959295247,0.0019188074233842042
outer,-18.094313932507514,300.0,-0.023590832749259397,0.26797081596643885,0.0019980852426986773
outer,-17.011978835462756,300.0,-0.030456285778607727,0.32073252623420245,0.0019006938495285397
outer,-15.929643738417946,300.00000000000006,-0.03828258536171432,0.3725311139439652,0.0014172977261629749
outer,-14.847308641373186,300.00000000000006,-0.04523069675343744,0.416339051084082,0.0003823585074951147
outer,-13.764973544328528,300.00000000000006,-0.0527653696394177,0.4337083542620149,-0.0027583886004755725
outer,-12.682638447293387,300.0000000000001,-0.03455354541107279,0.41193072342871456,-0.004273136466611982
outer,-11.600303350945653,300.0,-0.08938427445061055,0.1527507574785482,-0.04103153487187304
outer,-10.517968288938851,300.0,-0.5189152859758975,-0.22365460345196064,-0.1552108876672637
outer,-9.435634410248412,300.0,-1.1470071239560768,-0.445902147598101,-0.23675123445605262
outer,-8.353328636340617,299.99999999999994,-1.5702889235318935,-0.5631331850474894,-0.2432392992909563
outer,-7.2714818243036285,299.99999999999994,-1.8285012586150915,-0.6068466174694616,-0.23622166865631983
outer,-6.194717895815462,299.99999999999994,-2.029419199746193,-0.6253154184364756,-0.22142634730743072
outer,-5.153555103867574,300.0,-2.189091396131073,-0.6379265736354353,-0.19669602014235094
outer,-4.242139841263254,300.0,-2.3003918158841445,-0.6482922227579728,-0.16763348547597146
outer,-3.541665910226382,300.0,-2.361363676217099,-0.6509145009830958,-0.1418227287646128
outer,-3.0215030854192455,300.0,-2.391030833997521,-0.6460801379675443,-0.12233122325353979
outer,-2.618615830924118,300.00000000000006,-2.410415983581332,-0.6407600337081208,-0.1074587796489147
outer,-2.289858660450483,300.0,-2.426337290417139,-0.6371279097513263,-0.0950719427518621
outer,-2.0098315933287054,300.0,-2.4396172309770923,-0.6346833538471598,-0.08414724574287691
outer,-1.763602030800986,300.00000000000006,-2.4505712606448986,-0.6329675024299679,-0.07425455979171366
outer,-1.541587214416912,300.00000000000006,-2.4595524064775476,-0.6317256196760768,-0.06514499417576776
outer,-1.337602627837934,300.00000000000006,-2.4669025279494576,-0.630820589680549,-0.05665540668190486
outer,-1.1472567975482784,300.00000000000006,-2.4728977552132445,-0.6301631621066069,-0.04866076278260012
outer,-0.9673426513713034,300.0,-2.4777582540849696,-0.629692654095207,-0.04106201450498388
outer,-0.7954570262735463,300.0,-2.4816485204904852,-0.6293630878079123,-0.03377904740027199
outer,-0.6296898096455907,300.0,-2.4846915390047486,-0.6291390823431976,-0.026743938186734713
outer,-0.4685328546911403,300.00000000000006,-2.4869768299441,-0.6289927591566487,-0.019899680265677858
outer,-0.31061146800801587,300.0,-2.4885677004648086,-0.6289028307360863,-0.01319207531051112
outer,-0.1547946887618031,300.0,-2.4895064723608256,-0.6288548049449424,-0.006574059182856956
outer,-5.088887490341627e-14,299.99999999999994,-2.4898168495265067,-0.628839827080138,-6.380356767485536e-09
outer,0.15479468876170133,300.0,-2.4895065856804997,-0.6288548747012176,0.006574046567735197
outer,0.3106114680079141,300.0,-2.488567800969072,-0.6289028342342283,0.013192061871014163
outer,0.4685328546909876,300.0,-2.4869768612714673,-0.6289926769378947,0.019899672764339994
outer,0.6296898096454381,300.00000000000006,-2.4846916003550352,-0.6291390316482868,0.026743941726021528
outer,0.7954570262733937,300.00000000000006,-2.4816486347048032,-0.6293630646703445,0.03377905978849351
outer,0.9673426513711507,300.0,-2.4777583593036563,-0.6296926028984958,0.041062027670140694
outer,1.1472567975481258,300.00000000000006,-2.4728978377031776,-0.6301631220886535,0.04866076673329664
outer,1.3376026278377813,300.0,-2.466902567138172,-0.6308205581025959,0.05665540382966665
outer,1.5415872144167084,300.00000000000006,-2.4595524078694724,-0.6317255946342747,0.06514498835051746
outer,1.7636020308007827,300.0,-2.450571257477435,-0.6329675119976831,0.07425455539797586
outer,2.009831593328502,300.00000000000006,-2.4396172473823676,-0.6346833896523983,0.0841472468830108
outer,2.2898586604502285,300.00000000000006,-2.4263373299944777,-0.6371279596890846,0.09507194463016916
outer,2.618615830923813,300.00000000000006,-2.410416009732225,-0.6407600625836766,0.10745877698714934
outer,3.0215030854188387,300.0,-2.391030843553328,-0.6460801275416221,0.12233121662406185
outer,3.5416659102258223,300.00000000000006,-2.3613637120335658,-0.6509144764162801,0.14182272739691104
outer,4.24213984126254,300.0,-2.300391876575102,-0.6482922028914212,0.16763349214843404
outer,5.153555103866658,300.0,-2.1890914674336144,-0.6379265767156871,0.19669602863294358
outer,6.194717895814494,300.0,-2.0294192811622263,-0.6253154426098908,0.2214263529222294
outer,7.271481824302611,299.99999999999994,-1.8285013427070431,-0.606846622136496,0.2362216737060907
outer,8.353328636339599,300.0,-1.5702890226875275,-0.5631331642176871,0.2432393200987337
outer,9.435634410247394,299.99999999999994,-1.1470072131974873,-0.4459021261938596,0.23675125745909517
outer,10.517968288937833,300.0,-0.5189153429690352,-0.22365456896159913,0.1552108914703508
outer,11.600303350944687,300.00000000000006,-0.089384312163662,0.1527507656998593,0.04103153080778699
outer,12.68263844729242,300.0,-0.034553560105392886,0.41193067840196873,0.004273131460393778
outer,13.764973544327562,300.0,-0.05276533999961391,0.43370831847304353,0.0027583879917816717
outer,14.84730864137227,300.00000000000006,-0.04523067469136229,0.4163390034238621,-0.00038235884167178713
outer,15.92964373841713,300.00000000000006,-0.038282606324721795,0.3725310761956783,-0.0014173061339951692
outer,17.011978835461942,300.0,-0.03045630500915583,0.32073252390155027,-0.001900702609247712
outer,18.0943139325068,300.0,-0.023590847068014894,0.26797080547948127,-0.001998088201350362
outer,19.176649029551612,300.0,-0.017919459736866265,0.21810320550861542,-0.0019188048457983095
outer,20.258984126596474,300.0,-0.013472075219561008,0.172770253958335,-0.001757757628251061
outer,21.341319223641282,300.0,-0.010090460023384429,0.13256109613389966,-0.0015663021625570359
outer,22.423654320686143,300.0,-0.007576807190346955,0.09756347625684522,-0.00136687084096895
outer,23.505989417730955,300.0,-0.005745922855787304,0.06769860228766601,-0.0011655877577358906
outer,24.588324514775813,299.99999999999994,-0.004448597655667274,0.04290926382811752,-0.0009589019048393457
outer,25.670659611820625,299.9999999999999,-0.0035706851582153476,0.023265492315390036,-0.0007371990725581279
outer,26.752994708865486,299.99999999999994,-0.002990089940344327,0.009017975735481038,-0.0004861325598234916
outer,27.835329805910295,299.99999999999994,-0.0025068076987794776,0.000511117378982078,-0.0002071818499878959
outer,28.917664902955053,300.0,-0.001056273001909585,-0.0017584050795335891,0.00016792747651711798
outer,29.999999999999964,300.0,0.00015876495519275555,-0.0012657753017291462,0.00038731930026394707
