facet_id,element_id,surface_index,active,active_gauss_points,reference_midpoint_x,reference_midpoint_y,deformed_midpoint_x,deformed_midpoint_y,normal_x,normal_y,thickness,facet_length,active_length,integrated_area,active_area,average_gap,average_penetration,maximum_penetration,integrated_normal_force,average_pressure
0,119658,0,0,0,-64.713572291560467,-292.93602647053319,-62.640053439223976,-301.57722909577194,0,1,1,1.5974441086477675,0,1.5974441086477675,0,0.42277090422803099,0,0,0,0
1,119659,0,0,0,-63.152830622021597,-293.27646006372032,-60.990812055796226,-301.72875931089311,0,1,1,1.5974441077420825,0,1.5974441077420825,0,0.27124068910688942,0,0,0,0
2,119660,0,0,0,-61.590298341658027,-293.60857820109504,-59.341067706208776,-301.84927096154922,0,1,1,1.597444104857995,0,1.597444104857995,0,0.1507290384507769,0,0,0,0
3,119661,0,0,0,-60.026019757848587,-293.93237146513894,-57.693212053382361,-301.93598397895897,0,1,1,1.5974440960067076,0,1.5974440960067076,0,0.064016021041055637,0,0,0,0
4,119662,0,0,0,-58.460039235215945,-294.24783067293504,-56.051124721512714,-301.98533667824131,0,1,1,1.5974440694528491,0,1.5974440694528491,0,0.014663321758632719,0,0,0,0
5,119663,0,1,2,-56.892401208442621,-294.55494687394105,-54.411517886379166,-302.00033690344122,0,1,1,1.5974439926263153,1.5974439926263153,1.5974439926263153,1.5974439926263153,-0.0003369034412230576,0.0003369034412230576,0.0004416445384549661,1.0763687565538125,0.67380688244611509
6,119664,0,1,2,-55.323150219076034,-294.85371134374884,-52.755620986225516,-302.00051772462695,0,1,1,1.5974437765692309,1.5974437765692309,1.5974437765692309,1.5974437765692309,-0.00051772462694543709,0.00051772462694543709,0.00051806856390612666,1.6540719665812307,1.0354492538908742
7,119665,0,1,2,-53.752331014222442,-295.14411556789378,-51.079913758832156,-302.00054945964951,0,1,1,1.5974431861329637,1.5974431861329637,1.5974431861329637,1.5974431861329637,-0.00054945964953390103,0.00054945964953390103,0.00056812581033227616,1.7554611464058727,1.0989192990678021
8,119666,0,1,2,-52.179988793844061,-295.42615120285927,-49.395984065918256,-302.00060252367695,0,1,1,1.5974416291298239,1.5974416291298239,1.5974416291298239,1.5974416291298239,-0.00060252367697444242,0.00060252367697444242,0.00061449404671520824,1.92499280827069,1.2050473539488846
9,119667,0,1,2,-50.606169829881807,-295.69980998204124,-47.706705399833275,-302.00064459826842,0,1,1,1.5974376155044943,1.5974376155044943,1.5974376155044943,1.5974376155044943,-0.0006445982683942475,0.0006445982683942475,0.00065691967535030926,2.0594110416440654,1.289196536788495
10,119668,0,1,2,-49.030922899611085,-295.96508350789429,-46.013190466422913,-302.00068550755111,0,1,1,1.5974276540977228,1.5974276540977228,1.5974276540977228,1.5974276540977228,-0.00068550755113960815,0.00068550755113960815,0.00069680512956438179,2.1900974385664376,1.3710151022792161
11,119669,0,1,2,-47.454302588311315,-296.2219627936189,-44.315907743113328,-302.00072371109633,0,1,1,1.5974035843550445,1.5974035843550445,1.5974035843550445,1.5974035843550445,-0.00072371109629898456,0.00072371109629898456,0.00073447034498030916,2.3121173985310333,1.4474221925979689
12,119670,0,1,2,-45.876376581446152,-296.47043729895842,-42.615071677497475,-302.00075999633117,0,1,1,1.5973472029424134,1.5973472029424134,1.5973472029424134,1.5973472029424134,-0.00075999633114065546,0.00075999633114065546,0.00077018637256287548,2.4279560275880443,1.5199926622813109
13,119671,0,1,2,-44.297240913283972,-296.71049302282017,-40.910816210736193,-302.00079442691964,0,1,1,1.5972196159829339,1.5972196159829339,1.5972196159829339,1.5972196159829339,-0.00079442691964004553,0.00079442691964004553,0.00080411538772295899,2.5377485190279572,1.5888538392800911
14,119672,0,1,2,-42.717052196480495,-296.94210866619983,-39.203290772863767,-302.00082717991882,0,1,1,1.5969377119055346,1.5969377119055346,1.5969377119055346,1.5969377119055346,-0.00082717991875824737,0.00082717991875824737,0.00083640140354646064,2.641909613592003,1.6543598375164947
15,119673,0,1,2,-41.136089103504929,-297.16524880746005,-37.492754718604608,-302.00085838093145,0,1,1,1.5963388974243498,1.5963388974243498,1.5963388974243498,1.5963388974243498,-0.0008583809314473001,0.0008583809314473001,0.00086717335977937182,2.7405337393533387,1.7167618628946002
16,119674,0,1,2,-39.55487117939397,-297.37985150146562,-35.779719361999838,-302.00088814944968,0,1,1,1.5951011851969417,1.5951011851969417,1.5951011851969417,1.5951011851969417,-0.00088814944970749821,0.00088814944970749821,0.00089654388341386948,2.8333764797208838,1.7762988994149962
17,119675,0,1,2,-37.97437357122724,-297.58580751408476,-34.065190473944654,-302.00091657442442,0,1,1,1.5926306074229213,1.5926306074229213,1.5926306074229213,1.5926306074229213,-0.00091657442445125536,0.00091657442445125536,0.0009245911575703758,2.9195289647242344,1.8331488489025107
18,119676,0,1,2,-36.396386540199913,-297.78292883111703,-32.351069383317665,-302.00094368756135,0,1,1,1.5878835954992241,1.5878835954992241,1.5878835954992241,1.5878835954992241,-0.00094368756134599618,0.00094368756134599618,0.00095132460512559192,2.9969319958759497,1.8873751226919921
19,119677,0,1,2,-34.824111084642979,-297.97090113039121,-30.640815121919509,-302.00096943790226,0,1,1,1.5790715082956541,1.5790715082956541,1.5790715082956541,1.5790715082956541,-0.0009694379022278099,0.0009694379022278099,0.00097666782465921642,3.061623540939685,1.9388758044556196
20,119678,0,1,2,-33.262984774264879,-298.14922893367259,-28.940362969087104,-302.00099366992714,0,1,1,1.5634962916216466,1.5634962916216466,1.5634962916216466,1.5634962916216466,-0.00099366992719751579,0.00099366992719751579,0.0010004303708797124,3.1071984925385348,1.9873398543950314
21,119679,0,1,2,-31.721668365555079,-298.31718834115338,-27.259223876745459,-302.00101613745386,0,1,1,1.5373956349008755,1.5373956349008755,1.5373956349008755,1.5373956349008755,-0.0010161374538029122,0.0010161374538029122,0.0010223486427207717,3.1244105718717745,2.0322749076058244
22,119680,0,1,2,-30.212865427647174,-298.47382285821118,-25.611404146428427,-302.00103656587521,0,1,1,1.4964371768210205,1.4964371768210205,1.4964371768210205,1.4964371768210205,-0.0010365658752107265,0.0010365658752107265,0.0010421490409271428,3.1023114237786995,2.073131750421453
23,119681,0,1,2,-28.753325421918468,-298.61803383470283,-24.015427947114464,-302.00105481172301,0,1,1,1.4368658636328777,1.4368658636328777,1.4368658636328777,1.4368658636328777,-0.0010548117230655405,0.0010548117230655405,0.0010597628024697769,3.0312459148653037,2.109623446131081
24,119682,0,1,2,-27.362058474366584,-298.74881883249247,-22.492386583149358,-302.00107094864359,0,1,1,1.3579429088909403,1.3579429088909403,1.3579429088909403,1.3579429088909403,-0.0010709486435587223,0.0010709486435587223,0.0010753142195198961,2.9085742326138764,2.1418972871174446
25,119683,0,1,2,-26.056942503221215,-298.86558371827027,-21.062201309697162,-302.00108526827813,0,1,1,1.2627210640193132,1.2627210640193132,1.2627210640193132,1.2627210640193132,-0.0010852682781603562,0.0010852682781603562,0.0010891701471109627,2.7407822298901054,2.170536556320712
26,119684,0,1,2,-24.850892956622264,-298.96838930354238,-19.739383318834712,-302.00109813031725,0,1,1,1.1581303968369348,1.1581303968369348,1.1581303968369348,1.1581303968369348,-0.0010981303172172829,0.0010981303172172829,0.0011016543500090847,2.5435562001150416,2.1962606344345654
27,119685,0,1,2,-23.749475261171959,-299.05799731103195,-18.530368895465458,-302.00110974517861,0,1,1,1.0519869462716731,1.0519869462716731,1.0519869462716731,1.0519869462716731,-0.0011097451786099555,0.0011097451786099555,0.0011129269891512195,2.3348748831711994,2.2194903572199114
28,119686,0,1,2,-22.751247642320777,-299.13567969188603,-17.433861428168605,-302.00112029095231,0,1,1,0.95050721434236041,0.95050721434236041,0.95050721434236041,0.95050721434236041,-0.0011202909523433391,0.0011202909523433391,0.0011231977471197752,2.1296892647296346,2.2405819046866782
29,119687,0,1,2,-21.849211969771421,-299.20298736097891,-16.442407763114044,-302.00112979157336,0,1,1,0.85858154153232991,0.85858154153232991,0.85858154153232991,0.85858154153232991,-0.0011297915734189701,0.0011297915734189701,0.0011323699648073671,1.9400363814325916,2.2595831468379401
30,119688,0,1,2,-21.033460282107235,-299.2614953045175,-15.5453037053581,-302.00113822067783,0,1,1,0.77711431658139107,0.77711431658139107,0.77711431658139107,0.77711431658139107,-0.0011382206778307591,0.0011382206778307591,0.001140508832179421,1.7690551683425162,2.2764413556615182
31,119689,0,1,2,-20.293723545409751,-299.31261285660173,-14.731401903799782,-302.00114575160489,0,1,1,0.70588842320683376,0.70588842320683376,0.70588842320683376,0.70588842320683376,-0.0011457516049233618,0.0011457516049233618,0.001147811433327206,1.6175455875721021,2.2915032098467236
32,119690,0,1,2,-19.619836606164252,-299.35757555645972,-13.989631722250031,-302.00115242384805,0,1,1,0.64488295353279845,0.64488295353279845,0.64488295353279845,0.64488295353279845,-0.0011524238480831173,0.0011524238480831173,0.001154216241047834,1.4863569897469473,2.3048476961662345
33,119691,0,1,2,-19.002675958737299,-299.3974126276122,-13.310039010442591,-302.00115834544874,0,1,1,0.5920077652945277,0.5920077652945277,0.5920077652945277,0.5920077652945277,-0.0011583454488004463,0.0011583454488004463,0.0011599718935713099,1.371499001166878,2.3166908976008926
34,119692,0,1,2,-18.434385511699986,-299.43296192060274,-12.68404191641417,-302.00116359418342,0,1,1,0.54679524832707893,0.54679524832707893,0.54679524832707893,0.54679524832707893,-0.0011635941834242658,0.0011635941834242658,0.0011649980970105389,1.2724955409548322,2.3271883668485316
35,119693,0,1,2,-17.908541547999747,-299.46488929506825,-12.104618853966233,-302.00116830464032,0,1,1,0.50682981790310311,0.50682981790310311,0.50682981790310311,0.50682981790310311,-0.0011683046403732078,0.0011683046403732078,0.0011696203104065717,1.1842632562714066,2.3366092807464156
36,119694,0,1,2,-17.419588439006191,-299.49374293776617,-11.565691147380928,-302.00117257701822,0,1,1,0.47277793048470629,0.47277793048470629,0.47277793048470629,0.47277793048470629,-0.0011725770182238193,0.0011725770182238193,0.0011737280067336542,1.1087370720195699,2.3451540364476382
37,119695,0,1,2,-16.962534049706477,-299.51998833545144,-11.061790842375807,-302.00117640823879,0,1,1,0.44283696141410883,0.44283696141410883,0.44283696141410883,0.44283696141410883,-0.0011764082387628607,0.0011764082387628607,0.0011774692064818737,1.0419140996725371,2.352816477525721
38,119696,0,1,2,-16.533433310583483,-299.54399037860509,-10.588595971332644,-302.00117986298409,0,1,1,0.41670625930015665,0.41670625930015665,0.41670625930015665,0.41670625930015665,-0.0011798629840882313,0.0011798629840882313,0.0011807966145056525,0.98331258117225429,2.3597259681764626
39,119697,0,1,2,-16.129255924401516,-299.56603365625699,-10.14278735351413,-302.00118306224346,0,1,1,0.39285001445982232,0.39285001445982232,0.39285001445982232,0.39285001445982232,-0.0011830622434843008,0.0011830622434843008,0.0011839757063398793,0.92953203891935476,2.3661244869686016
40,119698,0,1,2,-15.747028287268499,-299.5863754848977,-9.7211036019980739,-302.00118598121384,0,1,1,0.37268722478161664,0.37268722478161664,0.37268722478161664,0.37268722478161664,-0.0011859812138368395,0.0011859812138368395,0.00118675301928306,0.88400009445596961,2.371962427673679
41,119699,0,1,2,-15.384372372172244,-299.60522329864796,-9.3209365368519315,-302.00118865486604,0,1,1,0.35360362911150572,0.35360362911150572,0.35360362911150572,0.35360362911150572,-0.0011886548660697827,0.0011886548660697827,0.001189426694395479,0.84062534880665185,2.3773097321395653
42,119700,0,1,2,-15.039388513466836,-299.62274339271772,-8.9402026192745598,-302.00119117672921,0,1,1,0.33725339224632572,0.33725339224632572,0.33725339224632572,0.33725339224632572,-0.0011911767292076547,0.0011911767292076547,0.0011918608992118607,0.80345678538032894,2.3823534584153094
43,119701,0,1,2,-14.710003193687086,-299.63909930455247,-8.5766243425148918,-302.00119347324892,0,1,1,0.3223290137667143,0.3223290137667143,0.3223290137667143,0.3223290137667143,-0.0011934732489180533,0.0011934732489180533,0.0011941149751351077,0.76938211056142491,2.3869464978361066
44,119702,0,1,2,-14.394845583785861,-299.65440859786872,-8.2286974632773529,-302.00119562549298,0,1,1,0.30872952887690774,0.30872952887690774,0.30872952887690774,0.30872952887690774,-0.0011956254930112209,0.0011956254930112209,0.0011962263654368144,0.73824979034114957,2.3912509860224418
45,119703,0,1,2,-14.092644080910286,-299.6687761947386,-7.8950259561851279,-302.00119764314314,0,1,1,0.29635624832483481,0.29635624832483481,0.29635624832483481,0.29635624832483481,-0.0011976431431435233,0.0011976431431435233,0.0011982071615648238,0.70985805746795516,2.3952862862870461
46,119704,0,1,2,-13.802223715832394,-299.68229560329968,-7.5743191529775817,-302.00119953916192,0,1,1,0.28511355381110182,0.28511355381110182,0.28511355381110182,0.28511355381110182,-0.0011995391618881968,0.0011995391618881968,0.0012000698104088769,0.68400974676306869,2.3990783237763935
47,119705,0,1,2,-13.522502849027481,-299.69505004735936,-7.2653883452074322,-302.00120132355363,0,1,1,0.27490950371522865,0.27490950371522865,0.27490950371522865,0.27490950371522865,-0.0012013235536301181,0.0012013235536301181,0.0012018231241768262,0.66051052385974129,2.4026471072602362
48,119706,0,1,2,-13.252509510306004,-299.7071126178522,-6.9671650628604613,-302.00120296956487,0,1,1,0.26561588283481641,0.26561588283481641,0.26561588283481641,0.26561588283481641,-0.0012029695649005132,0.0012029695649005132,0.0012034203194275506,0.63905564600892972,2.4059391298010269
49,119707,0,1,2,-12.991801189994867,-299.71852908913297,-6.6791648277901059,-302.00120455948064,0,1,1,0.25630049734037214,0.25630049734037214,0.25630049734037214,0.25630049734037214,-0.0012045594806124882,0.0012045594806124882,0.001205026664365505,0.61745838791408214,2.4091189612249764
50,119708,0,1,2,-12.739587814762718,-299.72935700886171,-6.4005187665635503,-302.00120608454495,0,1,1,0.24859094354799757,0.24859094354799757,0.24859094354799757,0.24859094354799757,-0.0012060845449184401,0.0012060845449184401,0.0012064978574244378,0.59964339003986444,2.4121690898368797
51,119709,0,1,2,-12.494917574932842,-299.73965785741217,-6.1301787929598062,-302.00120747988223,0,1,1,0.24118306036347356,0.24118306036347356,0.24118306036347356,0.24118306036347356,-0.0012074798822538924,0.0012074798822538924,0.0012078721680950366,0.58244738665864093,2.4149597645077847
52,119710,0,1,2,-12.257535840185337,-299.74946059646567,-5.8678663795217716,-302.00120883999938,0,1,1,0.23398508054302147,0.23398508054302147,0.23398508054302147,0.23398508054302147,-0.0012088399993785968,0.0012088399993785968,0.0012092329774873178,0.56570104923645403,2.4176799987571935
53,119711,0,1,2,-12.026817617759098,-299.7588075125941,-5.6128936618358463,-302.00121012441883,0,1,1,0.22782990793615052,0.22782990793615052,0.22782990793615052,0.22782990793615052,-0.0012101244188045257,0.0012101244188045257,0.0012104730005830788,0.55140506985504545,2.4202488376090514
54,119712,0,1,2,-11.802321609015017,-299.7677316477201,-5.3647753259421638,-302.00121134240311,0,1,1,0.22151675203256185,0.22151675203256185,0.22151675203256185,0.22151675203256185,-0.0012113424031099385,0.0012113424031099385,0.0012116970249280712,0.53666526947246362,2.4226848062198765
55,119713,0,1,2,-11.583726863214441,-299.77625924576603,-5.1231587298061143,-302.00121252940261,0,1,1,0.21600531223758901,0.21600531223758901,0.21600531223758901,0.21600531223758901,-0.0012125294026077427,0.0012125294026077427,0.0012128600953360547,0.52382558441508542,2.4250588052154849
56,119714,0,1,2,-11.370433831876788,-299.78442607225634,-4.8873832017317671,-302.00121362771392,0,1,1,0.21089336444027651,0.21089336444027651,0.21089336444027651,0.21089336444027651,-0.001213627713951837,0.001213627713951837,0.0012139311315877421,0.51189206354652883,2.427255427903674
57,119715,0,1,2,-11.162368665614117,-299.79224633909985,-4.6573687364015379,-302.00121470239696,0,1,1,0.20553081932028033,0.20553081932028033,0.20553081932028033,0.20553081932028033,-0.0012147023969930617,0.0012147023969930617,0.0012150194478977028,0.49931755776858466,2.429404793986123
58,119716,0,1,2,-10.95916262660945,-299.79974422671535,-4.4327093068086976,-302.00121574890329,0,1,1,0.20115784467403144,0.20115784467403144,0.20115784467403144,0.20115784467403144,-0.0012157489032631477,0.0012157489032631477,0.0012160360530515391,0.48911485809046462,2.4314978065262953
59,119717,0,1,2,-10.760245333520839,-299.80695026007243,-4.2127758186464845,-302.00121670563226,0,1,1,0.19693772559199901,0.19693772559199901,0.19693772559199901,0.19693772559199901,-0.0012167056322311964,0.0012167056322311964,0.0012169708501801324,0.47923047985317407,2.4334112644623929
60,119718,0,1,2,-10.565734591822874,-299.81386893345621,-3.9976996853916962,-302.0012176503746,0,1,1,0.19232979508255135,0.19232979508255135,0.19232979508255135,0.19232979508255135,-0.0012176503745990885,0.0012176503745990885,0.0012179306039001858,0.46838089405766914,2.4353007491981771
61,119719,0,1,2,-10.375392718681899,-299.82051686760042,-3.7872193413803572,-302.00121857930174,0,1,1,0.18858608725317885,0.18858608725317885,0.18858608725317885,0.18858608725317885,-0.0012185793017067681,0.0012185793017067681,0.0012188353886699588,0.45961420503318062,2.4371586034135362
62,119720,0,1,2,-10.188706360289618,-299.82691958175246,-3.5807682757345356,-302.00121945000478,0,1,1,0.18500617465778549,0.18500617465778549,0.18500617465778549,0.18500617465778549,-0.0012194500047542081,0.0012194500047542081,0.0012196966184205849,0.45121156113198868,2.4389000095084161
63,119721,0,1,2,-10.005515589621094,-299.83308925913946,-3.3781705414503831,-302.00122028506024,0,1,1,0.18158311330540858,0.18158311330540858,0.18158311330540858,0.18158311330540858,-0.0012202850602989201,0.0012202850602989201,0.0012205205661643959,0.4431663207383123,2.4405701205978403
64,119722,0,1,2,-9.825723214204757,-299.83903552516779,-3.1793195649951196,-302.00122108667341,0,1,1,0.17819826056597404,0.17819826056597404,0.17819826056597404,0.17819826056597404,-0.0012210866734392312,0.0012210866734392312,0.0012213139791015237,0.43519104241432516,2.4421733468784628
65,119723,0,1,2,-9.6492907611032432,-299.84476574460882,-2.9841736333268543,-302.00122187254959,0,1,1,0.17485271943156122,0.17485271943156122,0.17485271943156122,0.17485271943156122,-0.0012218725496211389,0.0012218725496211389,0.0012220989697766527,0.42729547620006281,2.4437450992422782
66,119724,0,1,2,-9.475994961800108,-299.85029286425731,-2.7924866110631719,-302.00122263464505,0,1,1,0.17191513154590229,0.17191513154590229,0.17191513154590229,0.17191513154590229,-0.0012226346449892844,0.0012226346449892844,0.0012228482208342939,0.42037879165182079,2.4452692899785688
67,119725,0,1,2,-9.3055683278669665,-299.85563067740713,-2.6039633581467676,-302.00122336199411,0,1,1,0.16910529101467872,0.16910529101467872,0.16910529101467872,0.16910529101467872,-0.0012233619941071083,0.0012233619941071083,0.0012235683534527197,0.41375397205956044,2.4467239882142167
68,119726,0,1,2,-9.1378861745567654,-299.86078788757294,-2.4184665877959972,-302.00122406500378,0,1,1,0.16641760570337943,0.16641760570337943,0.16641760570337943,0.16641760570337943,-0.0012240650037824707,0.0012240650037824707,0.0012242645272522168,0.40741193430955369,2.4481300075649415
69,119727,0,1,2,-8.9728292835765409,-299.86577267706429,-2.2358650340369728,-302.00122474487398,0,1,1,0.16384669725230158,0.16384669725230158,0.16384669725230158,0.16384669725230158,-0.001224744873979944,0.001224744873979944,0.0012249378737578809,0.4013408051566002,2.4494897479598876
70,119728,0,1,2,-8.8102836939469391,-299.87059273920045,-2.0560331964329865,-302.00122540265261,0,1,1,0.16138739474559044,0.16138739474559044,0.16138739474559044,0.16138739474559044,-0.0012254026526079542,0.0012254026526079542,0.0012255894214945329,0.39552908323746705,2.4508053052159084
71,119729,0,1,2,-8.6501404990671293,-299.8752553084953,-1.8788511216919659,-302.00122603932311,0,1,1,0.15903472839020355,0.15903472839020355,0.15903472839020355,0.15903472839020355,-0.0012260393230576483,0.0012260393230576483,0.0012262201360044855,0.38996566147636424,2.4520786461152966
72,119730,0,1,2,-8.4922956499801039,-299.87976718894146,-1.7042041900848739,-302.00122665580841,0,1,1,0.15678392321557352,0.15678392321557352,0.15678392321557352,0.15678392321557352,-0.0012266558083808832,0.0012266558083808832,0.0012268309233718355,0.38463982014625131,2.4533116167617663
73,119731,0,1,2,-8.3366497648124351,-299.884134780517,-1.53198290811474,-302.00122725297484,0,1,1,0.15463039282346908,0.15463039282346908,0.15463039282346908,0.15463039282346908,-0.0012272529748713623,0.0012272529748713623,0.0012274226341446592,0.37954121919625955,2.4545059497427246
74,119732,0,1,2,-8.1831079443410815,-299.8883641040286,-1.3620827076036282,-302.00122783163607,0,1,1,0.15256973319957678,0.15256973319957678,0.15256973319957678,0.15256973319957678,-0.0012278316361005182,0.0012278316361005182,0.0012279960670298351,0.37465989026771185,2.4556632722010368
75,119733,0,1,2,-8.0315795936242864,-299.89246082439831,-1.19440375120206,-302.00122839255567,0,1,1,0.15059771660507773,0.15059771660507773,0.15059771660507773,0.15059771660507773,-0.0012283925556459965,0.0012283925556459965,0.0012285519717920579,0.36998622794992586,2.456785111291993
76,119734,0,1,2,-7.8819782496193085,-299.89643027249474,-1.0288507442727042,-302.00122893645056,0,1,1,0.14871028555691435,0.14871028555691435,0.14871028555691435,0.14871028555691435,-0.0012289364506159473,0.0012289364506159473,0.0012290910523802268,0.36551098100479656,2.4578729012318945
77,119735,0,1,2,-7.7342214146945754,-299.9002774656027,-0.86533275307236313,-302.00122946399415,0,1,1,0.14690354691734903,0.14690354691734903,0.14690354691734903,0.14690354691734903,-0.0012294639941501373,0.0012294639941501373,0.0012296139698264597,0.36122524309565207,2.4589279883002746
78,119736,0,1,2,-7.5882303959335813,-299.90400712661824,-0.70376302913990063,-302.00122997581821,0,1,1,0.14517376609138521,0.14517376609138521,0.14517376609138521,0.14517376609138521,-0.0012299758181484322,0.0012299758181484322,0.0012301213442356129,0.35712044344388127,2.4599516362968643
79,119737,0,1,2,-7.4439301501199289,-299.90762370205243,-0.54405883978519043,-302.00123047251532,0,1,1,0.14351736134839149,0.14351736134839149,0.14351736134839149,0.14351736134839149,-0.0012304725153171605,0.0012304725153171605,0.001230613757456922,0.35318833722007414,2.4609450306343206
80,119738,0,1,2,-7.3012491342832213,-299.91113137892063,-0.38614130456189244,-302.0012309546405,0,1,1,0.14193089827000746,0.14193089827000746,0.14193089827000746,0.14193089827000746,-0.0012309546404765115,0.0012309546404765115,0.0012310917534250621,0.34942099570493068,2.4619092809530225
81,119739,0,1,2,-7.1601191616794804,-299.9145341005875,-0.229935237599868,-302.00123142270934,0,1,1,0.14041108433340466,0.14041108433340466,0.14041108433340466,0.14041108433340466,-0.0012314227093099817,0.0012314227093099817,0.0012315558360569412,0.34581079577398699,2.4628454186199633
82,119740,0,1,2,-7.0204752630739211,-299.91783558163729,-0.075368995659156113,-302.00123187719555,0,1,1,0.13895476363180398,0.13895476363180398,0.13895476363180398,0.13895476363180398,-0.0012318771955790453,0.0012318771955790453,0.0012320064666369035,0.3423504090701916,2.4637543911580906
83,119741,0,1,2,-6.8822555531904808,-299.92103932183062,0.077625667591533443,-302.00123231804889,0,1,1,0.13755891173642407,0.13755891173642407,0.13755891173642407,0.13755891173642407,-0.0012323180488920116,0.0012323180488920116,0.0012324433046160266,0.33903265943747707,2.4646360977840231
84,119742,0,1,2,-6.7454109115673759,-299.92414840081744,0.22910287983619781,-302.00123274163201,0,1,1,0.13620100708439778,0.13620100708439778,0.13620100708439778,0.13620100708439778,-0.0012327416320090379,0.0012327416320090379,0.001232860932134372,0.33580130350899007,2.4654832640180757
85,119743,0,1,2,-6.6099749223178428,-299.92716397975107,0.37902524739407628,-302.00123315823726,0,1,1,0.13473811401716615,0.13473811401716615,0.13473811401716615,0.13473811401716615,-0.0012331582372837602,0.0012331582372837602,0.0012332794643157285,0.33230683035269382,2.4663164745675203
86,119744,0,1,2,-6.4758863373843427,-299.93008925479791,0.52746034354765481,-302.00123356729165,0,1,1,0.13350287272706574,0.13350287272706574,0.13350287272706574,0.13350287272706574,-0.001233567291677673,0.001233567291677673,0.0012336822322822627,0.32936955428223108,2.4671345833553455
87,119745,0,1,2,-6.343005906185228,-299.93292900082861,0.67456209904177555,-302.00123395994262,0,1,1,0.13231867658752852,0.13231867658752852,0.13231867658752852,0.13231867658752852,-0.0012339599425956749,0.0012339599425956749,0.0012340716991161571,0.32655189313256472,2.4679198851913497
88,119746,0,1,2,-6.211283909313976,-299.93568585607147,0.82038537429949532,-302.00123434156967,0,1,1,0.13118301636746643,0.13118301636746643,0.13118301636746643,0.13118301636746643,-0.0012343415696420834,0.0012343415696420834,0.0012344501455459067,0.32384930066680329,2.4686831392841668
89,119747,0,1,2,-6.080673079044022,-299.93836230770279,0.96498231386324651,-302.00123471235401,0,1,1,0.13009348993330525,0.13009348993330525,0.13009348993330525,0.13009348993330525,-0.0012347123539768745,0.0012347123539768745,0.0012348178505021679,0.32125607838523629,2.469424707953749
90,119748,0,1,2,-5.9511284946441423,-299.94096070111317,1.1084024749184733,-302.00123507182639,0,1,1,0.12904779800492955,0.12904779800492955,0.12904779800492955,0.12904779800492955,-0.0012350718263860472,0.0012350718263860472,0.001235173871407369,0.31876659914609207,2.4701436527720944
91,119749,0,1,2,-5.8226251758526377,-299.94348290890969,1.2506733432355306,-302.00123541629551,0,1,1,0.12800834551724413,0.12800834551724413,0.12800834551724413,0.12800834551724413,-0.001235416295514824,0.001235416295514824,0.0012355131298704691,0.31628719202779076,2.470832591029648
92,119750,0,1,2,-5.6952269449534914,-299.94592907432616,1.3917241086885337,-302.00123575709165,0,1,1,0.12683508636775767,0.12683508636775767,0.12683508636775767,0.12683508636775767,-0.0012357570916492477,0.0012357570916492477,0.0012358570160699855,0.31347471489780276,2.4715141832984955
93,119751,0,1,2,-5.5688752727828614,-299.94830165328028,1.5316194094462752,-302.00123609248737,0,1,1,0.12591281095033005,0.12591281095033005,0.12591281095033005,0.12591281095033005,-0.0012360924873746624,0.0012360924873746624,0.0012361862038119398,0.3112797593598583,2.4721849747493256
94,119752,0,1,2,-5.4434264202036173,-299.95060460158999,1.6705182340294735,-302.00123641275098,0,1,1,0.12502717289268334,0.12502717289268334,0.12502717289268334,0.12502717289268334,-0.001236412750984073,0.001236412750984073,0.0012365039388555488,0.3091703815680078,2.4728255019681455
95,119753,0,1,2,-5.3188447455313019,-299.95283968590127,1.8084599222925775,-302.00123672434086,0,1,1,0.12417627760987986,0.12417627760987986,0.12417627760987986,0.12417627760987986,-0.0012367243408846207,0.0012367243408846207,0.0012368130495019614,0.30714365016116874,2.4734486817692414
96,119754,0,1,2,-5.1950964577444756,-299.95500857374657,1.9454817514200444,-302.00123702199238,0,1,1,0.12335831356040243,0.12335831356040243,0.12335831356040243,0.12335831356040243,-0.00123702199238096,0.00123702199238096,0.0012371051329296279,0.30519389363448846,2.4740439847619204
97,119755,0,1,2,-5.0722457857475138,-299.95711123181059,2.0815124841729222,-302.00123731399776,0,1,1,0.12237902112128095,0.12237902112128095,0.12237902112128095,0.12237902112128095,-0.0012373139977910343,0.0012373139977910343,0.0012373994466656768,0.30284255173865104,2.4746279955820683
98,119756,0,1,2,-4.950290432820049,-299.95914876875179,2.2165545382904615,-302.00123760351607,0,1,1,0.12156572901084106,0.12156572901084106,0.12156572901084106,0.12156572901084106,-0.0012376035160457379,0.0012376035160457379,0.00123768522064438,0.30090034730896048,2.4752070320914759
99,119757,0,1,2,-4.8291003215362149,-299.96112437964894,2.3507518184944765,-302.00123788096289,0,1,1,0.1208467022785689,0.1208467022785689,0.1208467022785689,0.1208467022785689,-0.0012378809628614817,0.0012378809628614817,0.0012379594422782247,0.2991876643504594,2.4757619257229639
100,119758,0,1,2,-4.7086147405524219,-299.96303995313156,2.484171449334708,-302.00123814898774,0,1,1,0.12015491790221466,0.12015491790221466,0.12015491790221466,0.12015491790221466,-0.0012381489877952843,0.0012381489877952843,0.0012382252526208504,0.29753937995850521,2.476297975590569
101,119759,0,1,2,-4.5888139586033914,-299.96489664268904,2.6168351708209974,-302.00123840347686,0,1,1,0.1194754242848013,0.1194754242848013,0.1194754242848013,0.1194754242848013,-0.0012384034768331276,0.0012384034768331276,0.0012384741413029587,0.29591756166082206,2.4768069536662551
102,119760,0,1,2,-4.4697920540168106,-299.96669388912017,2.7486387095108409,-302.00123865598385,0,1,1,0.11859552668441728,0.11859552668441728,0.11859552668441728,0.11859552668441728,-0.0012386559838830635,0.0012386559838830635,0.001238731104422186,0.29379811757883401,2.4773119677661271
103,119761,0,1,2,-4.351512094631893,-299.96843310935583,2.8796228566028805,-302.00123890560786,0,1,1,0.11798996926185586,0.11798996926185586,0.11798996926185586,0.11798996926185586,-0.0012389056078347949,0.0012389056078347949,0.0012389746077587915,0.29235686917353659,2.4778112156695897
104,119762,0,1,2,-4.2338257773056167,-299.97011730037377,3.0099517370739584,-302.0012391419416,0,1,1,0.11740677088776037,0.11740677088776037,0.11740677088776037,0.11740677088776037,-0.0012391419415678227,0.0012391419415678227,0.0012392093889843636,0.29096730806213589,2.4782838831356457
105,119763,0,1,2,-4.1167114044994806,-299.97174745972814,3.1396492966846683,-302.00123936713794,0,1,1,0.11684466889485901,0.11684466889485901,0.11684466889485901,0.11684466889485901,-0.0012393671379129501,0.0012393671379129501,0.0012394297077094052,0.2896268857372154,2.4787342758259001
106,119764,0,1,2,-4.0002416377871945,-299.97332330741841,3.2686349821244933,-302.00123958784349,0,1,1,0.11611618932206719,0.11611618932206719,0.11611618932206719,0.11611618932206719,-0.0012395878435143002,0.0012395878435143002,0.0012396526981319766,0.28787243343767899,2.4791756870286004
107,119765,0,1,2,-3.8844186015196591,-299.97484553572781,3.396906352561901,-302.00123980633202,0,1,1,0.11554989286796503,0.11554989286796503,0.11554989286796503,0.11554989286796503,-0.0012398063319949413,0.0012398063319949413,0.0012398676217344473,0.28651897767808032,2.4796126639898826
108,119766,0,1,2,-3.7691229497220911,-299.97631640260988,3.5245954888415008,-302.00124001465645,0,1,1,0.11506017858442409,0.11506017858442409,0.11506017858442409,0.11506017858442409,-0.0012400146564459646,0.0012400146564459646,0.0012400736428617165,0.28535261563595193,2.4800293128919288
109,119767,0,1,2,-3.6543078583195729,-299.97773709310138,3.6517541719997215,-302.00124021152942,0,1,1,0.11458758698802886,0.11458758698802886,0.11458758698802886,0.11458758698802886,-0.0012402115294776195,0.0012402115294776195,0.0012402662077874993,0.28422569303514605,2.4804230589552385
110,119768,0,1,2,-3.5400426735586481,-299.97910735781841,3.7783055286973508,-302.00124040409253,0,1,1,0.11395921826211475,0.11395921826211475,0.11395921826211475,0.11395921826211475,-0.0012404040925559912,0.0012404040925559912,0.0012404605906226607,0.28271096143361718,2.4808081851119828
111,119769,0,1,2,-3.4263316156267782,-299.98042774876563,3.9042448078111294,-302.001240594156,0,1,1,0.11347823329570536,0.11347823329570536,0.11347823329570536,0.11347823329570536,-0.0012405941559734404,0.0012405941559734404,0.0012406473911141802,0.28156086611368547,2.4811883119468807
112,119770,0,1,2,-3.3130650821886904,-299.98170011453055,4.0296933185105077,-302.00124077501687,0,1,1,0.11306913013219,0.11306913013219,0.11306913013219,0.11306913013219,-0.0012407750168392795,0.0012407750168392795,0.0012408262017515881,0.28058670368754146,2.481550033678559
113,119771,0,1,2,-3.2002002747367362,-299.98292542135761,4.1546983942318798,-302.00124094466815,0,1,1,0.1126737908096449,0.1126737908096449,0.1126737908096449,0.1126737908096449,-0.0012409446681260761,0.0012409446681260761,0.0012409914314162052,0.27964387988556344,2.4818893362521521
114,119772,0,1,2,-3.0878211035207128,-299.98410327783017,4.2791670361541501,-302.0012411114572,0,1,1,0.11209690044882543,0.11209690044882543,0.11209690044882543,0.11209690044882543,-0.0012411114572046245,0.0012411114572046245,0.0012411609896503251,0.27824949492832696,2.4822229144092494
115,119773,0,1,2,-2.975911421150534,-299.9852343534551,4.4031170593438036,-302.00124127546616,0,1,1,0.11173389971980194,0.11173389971980194,0.11173389971980194,0.11173389971980194,-0.0012412754662136649,0.0012412754662136649,0.0012413206243877539,0.27738509693313607,2.4825509324273298
116,119774,0,1,2,-2.8643524906959072,-299.98632032581645,4.5266799045651513,-302.00124142842066,0,1,1,0.11139453621317758,0.11139453621317758,0.11139453621317758,0.11139453621317758,-0.0012414284206840875,0.0012414284206840875,0.0012414715707791402,0.27657668632792287,2.4828568413681751
117,119775,0,1,2,-2.7531536330787261,-299.98736150728905,4.6498451910966292,-302.00124157405924,0,1,1,0.1110129314583414,0.1110129314583414,0.1110129314583414,0.1110129314583414,-0.0012415740592359725,0.0012415740592359725,0.0012416149935461362,0.27566155187683544,2.4831481184719451
118,119776,0,1,2,-2.6423665489914794,-299.98835784506446,4.772555594280032,-302.00124171654443,0,1,1,0.11057020064375291,0.11057020064375291,0.11057020064375291,0.11057020064375291,-0.0012417165444276177,0.0012417165444276177,0.001241757873970073,0.27459369492005847,2.4834330888552358
119,119777,0,1,2,-2.5319444257808321,-299.9893101710133,4.8948629028006483,-302.00124185411033,0,1,1,0.11028226261707802,0.11028226261707802,0.11028226261707802,0.11028226261707802,-0.00124185411030453,0.00124185411030453,0.001241892204461692,0.27390896224940386,2.4837082206090595
120,119778,0,1,2,-2.4218052633633773,-299.99021956402146,5.0168578819809335,-302.00124198130152,0,1,1,0.11000357444443842,0.11000357444443842,0.11000357444443842,0.11000357444443842,-0.0012419813014901138,0.0012419813014901138,0.0012420166412425715,0.27324476511413648,2.4839626029802275
121,119779,0,1,2,-2.3119991635038,-299.99108596086728,5.1384849847254825,-302.00124210409615,0,1,1,0.10961546492828467,0.10961546492828467,0.10961546492828467,0.10961546492828467,-0.0012421040960930443,0.0012421040960930443,0.0012421396518789152,0.27230763596513163,2.4842081921860886
122,119780,0,1,2,-2.2025308984240679,-299.99190967345885,5.2597388683699213,-302.00124222322052,0,1,1,0.10932726695320084,0.10932726695320084,0.10932726695320084,0.10932726695320084,-0.001242223220486949,0.001242223220486949,0.0012422564412304382,0.27161773928328303,2.4844464409738976
123,119781,0,1,2,-2.0933227819468172,-299.99269161818654,5.380705526231921,-302.00124233451902,0,1,1,0.10909456837665099,0.10909456837665099,0.10909456837665099,0.10909456837665099,-0.0012423345190768487,0.0012423345190768487,0.0012423655566067282,0.2710638962762062,2.4846690381536978
124,119782,0,1,2,-1.9843619103227144,-299.99343217259991,5.5013991999431422,-302.00124243871835,0,1,1,0.10883221159774567,0.10883221159774567,0.10883221159774567,0.10883221159774567,-0.0012424387183500583,0.0012424387183500583,0.0012424678403135658,0.270434706985411,2.484877436700117
125,119783,0,1,2,-1.8756874826954228,-299.99413136302769,5.6217764182336634,-302.00124253897974,0,1,1,0.10852114563279941,0.10852114563279941,0.10852114563279941,0.10852114563279941,-0.0012425389797385831,0.0012425389797385831,0.0012425677437590821,0.26968350714928158,2.4850779594771666
126,119784,0,1,2,-1.7672632873885101,-299.9947896990185,5.7418772402210836,-302.00124263420241,0,1,1,0.10833124580563913,0.10833124580563913,0.10833124580563913,0.10833124580563913,-0.0012426342024127734,0.0012426342024127734,0.0012426604152437903,0.26923222245614498,2.4852684048255469
127,119785,0,1,2,-1.6590257063460196,-299.99540781441635,5.8617720842004015,-302.00124272109014,0,1,1,0.10814744966206138,0.10814744966206138,0.10814744966206138,0.10814744966206138,-0.0012427210900796126,0.0012427210900796126,0.0012427450417931141,0.26879423306673389,2.4854421801592248
128,119786,0,1,2,-1.5510163962326668,-299.99598570468288,5.9814147595647658,-302.00124280355521,0,1,1,0.10787426597215533,0.10787426597215533,0.10787426597215533,0.10787426597215533,-0.0012428035552147776,0.0012428035552147776,0.0012428272147531061,0.26813304253275827,2.4856071104295552
129,119787,0,1,2,-1.4432271305480897,-299.99652363861264,6.1008143297768838,-302.00124288151341,0,1,1,0.1077069534763323,0.1077069534763323,0.1077069534763323,0.1077069534763323,-0.0012428815134342133,0.0012428815134342133,0.0012429028631117944,0.26773396268810457,2.4857630268684265
130,119788,0,1,2,-1.3355936478678174,-299.99702214721128,6.2200419296275946,-302.00124295226226,0,1,1,0.10756232419730878,0.10756232419730878,0.10756232419730878,0.10756232419730878,-0.0012429522622596778,0.0012429522622596778,0.0012429717594386602,0.26738966838990763,2.4859045245193556
131,119789,0,1,2,-1.2281246794006682,-299.99748136823712,6.3390878413461333,-302.00124301759422,0,1,1,0.10737757845357149,0.10737757845357149,0.10737757845357149,0.10737757845357149,-0.001243017594191542,0.001243017594191542,0.0012430358164010613,0.266944438478944,2.4860351883830845
132,119790,0,1,2,-1.1208286144522477,-299.99790144164126,6.4579427252691666,-302.00124307811069,0,1,1,0.10721619949209296,0.10721619949209296,0.10721619949209296,0.10721619949209296,-0.0012430781106900213,0.0012430781106900213,0.0012430948276573872,0.26655622139999069,2.4861562213800426
133,119791,0,1,2,-1.0136668197773586,-299.9982826809304,6.5766493305966121,-302.00124313280151,0,1,1,0.10710874957044786,0.10710874957044786,0.10710874957044786,0.10710874957044786,-0.001243132801505453,0.001243132801505453,0.0012431476603183,0.26630079983851374,2.4862656030109065
134,119792,0,1,2,-0.90661662801700693,-299.99862530423121,6.6952327216386287,-302.00124318145447,0,1,1,0.10699273395038532,0.10699273395038532,0.10699273395038532,0.10699273395038532,-0.001243181454469777,0.001243181454469777,0.0012431946854576381,0.26602276522027585,2.486362908939554
135,119793,0,1,2,-0.79969338910229615,-299.99892939143365,6.8136758498723893,-302.00124322510555,0,1,1,0.10685461208983131,0.10685461208983131,0.10685461208983131,0.10685461208983131,-0.001243225105554302,0.001243225105554302,0.001243237076494097,0.26568867278868902,2.4864502111086035
136,119794,0,1,2,-0.69287500485025011,-299.99919512156185,6.9320031499111296,-302.00124326341415,0,1,1,0.1067828208508164,0.1067828208508164,0.1067828208508164,0.1067828208508164,-0.0012432634142101051,0.0012432634142101051,0.0012432735607603718,0.26551834885994402,2.4865268284202102
137,119795,0,1,2,-0.58612649407469686,-299.9994226806557,7.0502533280636763,-302.00124329577397,0,1,1,0.10671468917346232,0.10671468917346232,0.10671468917346232,0.10671468917346232,-0.0012432957739463291,0.0012432957739463291,0.0012433043103214914,0.26535584413472357,2.4865915478926586
138,119796,0,1,2,-0.47945789603105204,-299.99961212977939,7.1684152196141309,-302.001243322927,0,1,1,0.1066228467567098,0.1066228467567098,0.1066228467567098,0.1066228467567098,-0.0012433229269390724,0.0012433229269390724,0.0012433300673819758,0.26513325981625718,2.4866458538781449
139,119797,0,1,2,-0.37285572799069444,-299.9997635643918,7.2865037165423354,-302.00124334473952,0,1,1,0.10658170781070979,0.10658170781070979,0.10658170781070979,0.10658170781070979,-0.0012433447395494566,0.0012433447395494566,0.0012433501926238932,0.26503561147728649,2.4866894790989131
140,119798,0,1,2,-0.26629100543926765,-299.99987708495598,7.404550883393421,-302.00124336094444,0,1,1,0.1065478615840894,0.1065478615840894,0.1065478615840894,0.1065478615840894,-0.0012433609444428839,0.0012433609444428839,0.0012433648472551795,0.26495489961512614,2.4867218888857678
141,119799,0,1,2,-0.15976036380446351,-299.99995273390601,7.5225604041844152,-302.00124337178715,0,1,1,0.10651347876324133,0.10651347876324133,0.10651347876324133,0.10651347876324133,-0.0012433717871545011,0.0012433717871545011,0.0012433741443942381,0.26487170889178879,2.4867435743090027
142,119800,0,1,2,-0.053251815987401974,-299.99999054747997,7.6405455146984531,-302.00124337721775,0,1,1,0.10650363365200363,0.10650363365200363,0.10650363365200363,0.10650363365200363,-0.0012433772177473659,0.0012433772177473659,0.0012433779958769264,0.26484838338042593,2.4867544354947313
143,119801,0,1,2,0.053251815986855335,-299.99999054747997,7.758525201093998,-302.00124337721775,0,1,1,0.1065036336522701,0.1065036336522701,0.1065036336522701,0.1065036336522701,-0.0012433772177473656,0.0012433772177473656,0.0012433779958769264,0.26484838338108863,2.4867544354947317
144,119802,0,1,2,0.15976036380405012,-299.99995273390601,7.8765103116081825,-302.00124337178715,0,1,1,0.10651347876324131,0.10651347876324131,0.10651347876324131,0.10651347876324131,-0.0012433717871545016,0.0012433717871545016,0.0012433741443942381,0.26487170889178879,2.4867435743090032
145,119803,0,1,2,0.26629100543885414,-299.99987708495598,7.9945198323991855,-302.00124336094444,0,1,1,0.10654786158408931,0.10654786158408931,0.10654786158408931,0.10654786158408931,-0.0012433609444428839,0.0012433609444428839,0.0012433648472551795,0.26495489961512592,2.4867218888857678
146,119804,0,1,2,0.37285572799014771,-299.9997635643918,8.1125669992501344,-302.00124334473952,0,1,1,0.10658170781044339,0.10658170781044339,0.10658170781044339,0.10658170781044339,-0.001243344739549457,0.001243344739549457,0.0012433501926238932,0.26503561147662413,2.486689479098914
147,119805,0,1,2,0.47945789603050537,-299.99961212977939,8.2306554961783558,-302.001243322927,0,1,1,0.10662284675697625,0.10662284675697625,0.10662284675697625,0.10662284675697625,-0.0012433229269674937,0.0012433229269674937,0.0012433300673819758,0.26513325982298053,2.4866458539349874
148,119806,0,1,2,0.58612649407428341,-299.9994226806557,8.3488173877289817,-302.00124329577397,0,1,1,0.10671468917346232,0.10671468917346232,0.10671468917346232,0.10671468917346232,-0.001243295773974751,0.001243295773974751,0.0012433043103783348,0.26535584414078955,2.4865915479495015
149,119807,0,1,2,0.69287500484970344,-299.99919512156185,8.4670675658813916,-302.00124326341421,0,1,1,0.10678282085054995,0.10678282085054995,0.10678282085054995,0.10678282085054995,-0.0012432634142101049,0.0012432634142101049,0.0012432735607603718,0.26551834885928149,2.4865268284202102
150,119808,0,1,2,0.79969338910174936,-299.99892939143365,8.58539486592014,-302.00124322510555,0,1,1,0.10685461209009765,0.10685461209009765,0.10685461209009765,0.10685461209009765,-0.001243225105554302,0.001243225105554302,0.001243237076494097,0.26568867278935127,2.4864502111086035
151,119809,0,1,2,0.90661662801646015,-299.99862530423121,8.7038379941539148,-302.00124318145447,0,1,1,0.10699273395011898,0.10699273395011898,0.10699273395011898,0.10699273395011898,-0.0012431814544697775,0.0012431814544697775,0.0012431946854576381,0.26602276521961365,2.4863629089395545
152,119810,0,1,2,1.0136668197766787,-299.9982826809304,8.822421385195792,-302.00124313280151,0,1,1,0.10710874957044786,0.10710874957044786,0.10710874957044786,0.10710874957044786,-0.001243132801533875,0.001243132801533875,0.0012431476603183,0.26630079984460214,2.4862656030677499
153,119811,0,1,2,1.120828614451701,-299.99790144164126,8.9411279905233858,-302.00124307811075,0,1,1,0.10721619949235964,0.10721619949235964,0.10721619949235964,0.10721619949235964,-0.0012430781107468647,0.0012430781107468647,0.0012430948277142306,0.26655622141284274,2.4861562214937289
154,119812,0,1,2,1.2281246794002549,-299.99748136823712,9.0599828744465718,-302.00124301759422,0,1,1,0.10737757845357149,0.10737757845357149,0.10737757845357149,0.10737757845357149,-0.0012430175942199639,0.0012430175942199639,0.0012430358164579047,0.26694443848504773,2.4860351884399279
155,119813,0,1,2,1.3355936478674042,-299.99702214721128,9.179028786165123,-302.00124295226226,0,1,1,0.10756232419730878,0.10756232419730878,0.10756232419730878,0.10756232419730878,-0.0012429522622312561,0.0012429522622312561,0.0012429717594386602,0.26738966838379341,2.4859045244625118
156,119814,0,1,2,1.4432271305476765,-299.99652363861264,9.298256386015824,-302.00124288151341,0,1,1,0.1077069534763323,0.1077069534763323,0.1077069534763323,0.1077069534763323,-0.0012428815134626345,0.0012428815134626345,0.0012429028631117944,0.267733962694227,2.48576302692527
157,119815,0,1,2,1.5510163962321204,-299.99598570468288,9.4176559562278026,-302.00124280355521,0,1,1,0.10787426597188887,0.10787426597188887,0.10787426597188887,0.10787426597188887,-0.0012428035552431993,0.0012428035552431993,0.0012428272148099495,0.26813304253822789,2.4856071104863986
158,119816,0,1,2,1.659025706345473,-299.99540781441635,9.5372986315921935,-302.00124272109008,0,1,1,0.10814744966232784,0.10814744966232784,0.10814744966232784,0.10814744966232784,-0.0012427210900796124,0.0012427210900796124,0.0012427450417931141,0.26879423306739619,2.4854421801592252
159,119817,0,1,2,1.7672632873880971,-299.9947896990185,9.657193475571674,-302.00124263420241,0,1,1,0.10833124580563913,0.10833124580563913,0.10833124580563913,0.10833124580563913,-0.0012426342024411954,0.0012426342024411954,0.0012426604153006338,0.26923222246230294,2.4852684048823908
160,119818,0,1,2,1.8756874826948764,-299.99413136302769,9.7772942975589565,-302.00124253897974,0,1,1,0.10852114563253296,0.10852114563253296,0.10852114563253296,0.10852114563253296,-0.0012425389797385833,0.0012425389797385833,0.0012425677437590821,0.26968350714861944,2.4850779594771666
161,119819,0,1,2,1.9843619103221679,-299.99343217259991,9.8976715158495097,-302.00124243871829,0,1,1,0.10883221159801189,0.10883221159801189,0.10883221159801189,0.10883221159801189,-0.0012424387182932151,0.0012424387182932151,0.0012424678402567224,0.27043470697369976,2.4848774365864301
162,119820,0,1,2,2.093322781946271,-299.99269161818654,10.018365189560765,-302.00124233451902,0,1,1,0.10909456837638455,0.10909456837638455,0.10909456837638455,0.10909456837638455,-0.001242334519048427,0.001242334519048427,0.0012423655566067282,0.27106389626934285,2.4846690380968535
163,119821,0,1,2,2.2025308984235212,-299.99190967345885,10.139331847422767,-302.00124222322052,0,1,1,0.10932726695346773,0.10932726695346773,0.10932726695346773,0.10932726695346773,-0.001242223220486949,0.001242223220486949,0.0012422564411735948,0.27161773928394611,2.484446440973898
164,119822,0,1,2,2.3119991635033865,-299.99108596086722,10.260585731067357,-302.00124210409609,0,1,1,0.10961546492828467,0.10961546492828467,0.10961546492828467,0.10961546492828467,-0.0012421040961214658,0.0012421040961214658,0.0012421396519357586,0.27230763597136254,2.484208192242932
165,119823,0,1,2,2.4218052633628306,-299.9902195640214,10.382212833811762,-302.00124198130152,0,1,1,0.11000357444417196,0.11000357444417196,0.11000357444417196,0.11000357444417196,-0.0012419813015185353,0.0012419813015185353,0.0012420166412425715,0.27324476511972756,2.4839626030370705
166,119824,0,1,2,2.5319444257802854,-299.9893101710133,10.504207812992076,-302.00124185411033,0,1,1,0.11028226261734402,0.11028226261734402,0.11028226261734402,0.11028226261734402,-0.0012418541103329517,0.0012418541103329517,0.0012418922045185354,0.27390896225633338,2.4837082206659034
167,119825,0,1,2,2.6423665489910659,-299.98835784506446,10.626515121512872,-302.00124171654443,0,1,1,0.11057020064375291,0.11057020064375291,0.11057020064375291,0.11057020064375291,-0.0012417165444276177,0.0012417165444276177,0.001241757873970073,0.27459369492005847,2.4834330888552358
168,119826,0,1,2,2.7531536330781794,-299.98736150728905,10.749225524696158,-302.00124157405924,0,1,1,0.11101293145807496,0.11101293145807496,0.11101293145807496,0.11101293145807496,-0.001241574059207551,0.001241574059207551,0.0012416149935461362,0.27566155186986346,2.4831481184151016
169,119827,0,1,2,2.864352490695361,-299.98632032581645,10.872390811227657,-302.00124142842066,0,1,1,0.11139453621344446,0.11139453621344446,0.11139453621344446,0.11139453621344446,-0.0012414284206840873,0.0012414284206840873,0.0012414715707791402,0.27657668632858551,2.4828568413681751
170,119828,0,1,2,2.975911421150121,-299.9852343534551,10.995953656449155,-302.00124127546621,0,1,1,0.11173389971980194,0.11173389971980194,0.11173389971980194,0.11173389971980194,-0.0012412754662136649,0.0012412754662136649,0.0012413206243877539,0.27738509693313607,2.4825509324273298
171,119829,0,1,2,3.0878211035202994,-299.98410327783017,11.119903679638824,-302.0012411114572,0,1,1,0.11209690044882499,0.11209690044882499,0.11209690044882499,0.11209690044882499,-0.0012411114572046245,0.0012411114572046245,0.0012411609896503251,0.27824949492832585,2.4822229144092489
172,119830,0,1,2,3.20020027473619,-299.98292542135761,11.244372321560952,-302.00124094466815,0,1,1,0.11267379080937891,0.11267379080937891,0.11267379080937891,0.11267379080937891,-0.0012409446681544978,0.0012409446681544978,0.0012409914314162052,0.27964387989130801,2.4818893363089956
173,119831,0,1,2,3.313065082188011,-299.98170011453055,11.369377397282221,-302.00124077501681,0,1,1,0.11306913013218936,0.11306913013218936,0.11306913013218936,0.11306913013218936,-0.0012407750168392795,0.0012407750168392795,0.0012408262017515881,0.28058670368753991,2.4815500336785594
174,119832,0,1,2,3.4263316156260988,-299.98042774876569,11.494825907981648,-302.001240594156,0,1,1,0.11347823329570492,0.11347823329570492,0.11347823329570492,0.11347823329570492,-0.0012405941560018618,0.0012405941560018618,0.0012406473911141802,0.28156086612013487,2.4811883120037241
175,119833,0,1,2,3.5400426735581014,-299.97910735781841,11.620765187095575,-302.00124040409253,0,1,1,0.1139592182623823,0.1139592182623823,0.1139592182623823,0.1139592182623823,-0.0012404040924991477,0.0012404040924991477,0.0012404605905658173,0.28271096142132524,2.4808081849982955
176,119834,0,1,2,3.6543078583191595,-299.97773709310144,11.747316543793378,-302.00124021152948,0,1,1,0.11458758698802772,0.11458758698802772,0.11458758698802772,0.11458758698802772,-0.0012402115294776195,0.0012402115294776195,0.0012402662077306559,0.28422569303514322,2.4804230589552385
177,119835,0,1,2,3.7691229497216776,-299.97631640260988,11.874475226951642,-302.00124001465645,0,1,1,0.1150601785844248,0.1150601785844248,0.1150601785844248,0.1150601785844248,-0.0012400146564175432,0.0012400146564175432,0.0012400736428617165,0.28535261562941328,2.4800293128350859
178,119836,0,1,2,3.8844186015191129,-299.97484553572781,12.002164363231113,-302.00123980633202,0,1,1,0.11554989286769904,0.11554989286769904,0.11554989286769904,0.11554989286769904,-0.0012398063319949415,0.0012398063319949415,0.0012398676217344473,0.28651897767742079,2.479612663989883
179,119837,0,1,2,4.0002416377866483,-299.97332330741841,12.130435733668541,-302.00123958784349,0,1,1,0.11611618932233363,0.11611618932233363,0.11611618932233363,0.11611618932233363,-0.0012395878435143006,0.0012395878435143006,0.0012396526981319766,0.28787243343833957,2.4791756870286012
180,119838,0,1,2,4.1167114044990676,-299.97174745972814,12.259421419108527,-302.00123936713794,0,1,1,0.11684466889485901,0.11684466889485901,0.11684466889485901,0.11684466889485901,-0.0012393671379129501,0.0012393671379129501,0.0012394297077094052,0.2896268857372154,2.4787342758259001
181,119839,0,1,2,4.2338257773050696,-299.97011730037377,12.389118978719148,-302.00123914194154,0,1,1,0.11740677088749225,0.11740677088749225,0.11740677088749225,0.11740677088749225,-0.0012391419415394012,0.0012391419415394012,0.0012392093889275202,0.29096730805479759,2.4782838830788023
182,119840,0,1,2,4.3515120946312127,-299.96843310935583,12.519447859190123,-302.00123890560781,0,1,1,0.11798996926185756,0.11798996926185756,0.11798996926185756,0.11798996926185756,-0.0012389056078632166,0.0012389056078632166,0.001238974607815635,0.29235686918024772,2.4778112157264327
183,119841,0,1,2,4.4697920540161311,-299.96669388912017,12.650432006282166,-302.00123865598385,0,1,1,0.11859552668441639,0.11859552668441639,0.11859552668441639,0.11859552668441639,-0.0012386559838830635,0.0012386559838830635,0.001238731104422186,0.29379811757883179,2.4773119677661266
184,119842,0,1,2,4.5888139586028442,-299.96489664268904,12.782235544972163,-302.00123840347686,0,1,1,0.11947542428506773,0.11947542428506773,0.11947542428506773,0.11947542428506773,-0.0012384034768615491,0.0012384034768615491,0.0012384741413029587,0.29591756166827332,2.4768069537230986
185,119843,0,1,2,4.708614740552008,-299.96303995313156,12.914899266458569,-302.0012381489878,0,1,1,0.12015491790221555,0.12015491790221555,0.12015491790221555,0.12015491790221555,-0.0012381489877952847,0.0012381489877952847,0.0012382252526776938,0.29753937995850738,2.476297975590569
186,119844,0,1,2,4.829100321535801,-299.96112437964894,13.048318897298799,-302.00123788096289,0,1,1,0.12084670227856797,0.12084670227856797,0.12084670227856797,0.12084670227856797,-0.001237880962861482,0.001237880962861482,0.0012379594422782247,0.29918766435045707,2.4757619257229635
187,119845,0,1,2,4.9502904328195019,-299.95914876875179,13.182516177502686,-302.00123760351607,0,1,1,0.12156572901057464,0.12156572901057464,0.12156572901057464,0.12156572901057464,-0.0012376035160457379,0.0012376035160457379,0.00123768522064438,0.30090034730830101,2.4752070320914754
188,119846,0,1,2,5.0722457857469658,-299.95711123181059,13.317558231620215,-302.00123731399776,0,1,1,0.12237902112154647,0.12237902112154647,0.12237902112154647,0.12237902112154647,-0.0012373139977626124,0.0012373139977626124,0.0012373994466088334,0.30284255173235169,2.4746279955252248
189,119847,0,1,2,5.1950964577440608,-299.95500857374657,13.453588964373225,-302.00123702199238,0,1,1,0.12335831356040332,0.12335831356040332,0.12335831356040332,0.12335831356040332,-0.00123702199238096,0.00123702199238096,0.0012371051329296279,0.30519389363449057,2.4740439847619196
190,119848,0,1,2,5.318844745530888,-299.95283968590127,13.590610793500701,-302.00123672434086,0,1,1,0.12417627760987884,0.12417627760987884,0.12417627760987884,0.12417627760987884,-0.0012367243408846207,0.0012367243408846207,0.0012368130495019614,0.30714365016116618,2.4734486817692414
191,119849,0,1,2,5.4434264202030702,-299.95060460159004,13.728552481763636,-302.00123641275104,0,1,1,0.12502717289241796,0.12502717289241796,0.12502717289241796,0.12502717289241796,-0.0012364127510124945,0.0012364127510124945,0.0012365039389123922,0.30917038157445853,2.472825502024989
192,119850,0,1,2,5.5688752727823134,-299.94830165328028,13.867451306346812,-302.00123609248732,0,1,1,0.12591281095059453,0.12591281095059453,0.12591281095059453,0.12591281095059453,-0.0012360924873746626,0.0012360924873746626,0.0012361862038119398,0.31127975936051211,2.4721849747493252
193,119851,0,1,2,5.6952269449529425,-299.94592907432622,14.007346607104566,-302.00123575709165,0,1,1,0.12683508636749127,0.12683508636749127,0.12683508636749127,0.12683508636749127,-0.0012357570916776695,0.0012357570916776695,0.0012358570160699855,0.31347471490435408,2.4715141833553389
194,119852,0,1,2,5.8226251758520897,-299.94348290890974,14.148397372557518,-302.00123541629551,0,1,1,0.12800834551751253,0.12800834551751253,0.12800834551751253,0.12800834551751253,-0.0012354162955432457,0.0012354162955432457,0.0012355131298704691,0.3162871920357303,2.470832591086491
195,119853,0,1,2,5.9511284946437275,-299.94096070111317,14.290668240874679,-302.00123507182639,0,1,1,0.12904779800492866,0.12904779800492866,0.12904779800492866,0.12904779800492866,-0.001235071826386047,0.001235071826386047,0.001235173871407369,0.31876659914608985,2.4701436527720939
196,119854,0,1,2,6.0806730790436072,-299.93836230770279,14.434088401929884,-302.00123471235401,0,1,1,0.13009348993330525,0.13009348993330525,0.13009348993330525,0.13009348993330525,-0.0012347123539768745,0.0012347123539768745,0.0012348178505021679,0.32125607838523629,2.469424707953749
197,119855,0,1,2,6.2112839093135612,-299.93568585607147,14.578685341493625,-302.00123434156967,0,1,1,0.13118301636746527,0.13118301636746527,0.13118301636746527,0.13118301636746527,-0.0012343415696705051,0.0012343415696705051,0.0012344501456027501,0.32384930067425732,2.4686831393410107
198,119856,0,1,2,6.3430059061846809,-299.93292900082861,14.724508616751187,-302.00123395994262,0,1,1,0.13231867658726423,0.13231867658726423,0.13231867658726423,0.13231867658726423,-0.0012339599425956751,0.0012339599425956751,0.0012340716991161571,0.32655189313191246,2.4679198851913497
199,119857,0,1,2,6.4758863373836615,-299.93008925479796,14.871610372245131,-302.00123356729165,0,1,1,0.13350287272706363,0.13350287272706363,0.13350287272706363,0.13350287272706363,-0.0012335672916492513,0.0012335672916492513,0.0012336822322822627,0.32936955427463716,2.467134583298503
200,119858,0,1,2,6.6099749223171607,-299.92716397975113,15.020045468398699,-302.00123315823726,0,1,1,0.1347381140171674,0.1347381140171674,0.1347381140171674,0.1347381140171674,-0.0012331582372837602,0.0012331582372837602,0.0012332794643157285,0.33230683035269692,2.4663164745675208
201,119859,0,1,2,6.7454109115668279,-299.92414840081744,15.169967835956662,-302.00123274163207,0,1,1,0.13620100708466418,0.13620100708466418,0.13620100708466418,0.13620100708466418,-0.0012327416320374594,0.0012327416320374594,0.001232860932134372,0.33580130351738902,2.4654832640749191
202,119860,0,1,2,6.8822555531900651,-299.92103932183062,15.321445048201419,-302.00123231804889,0,1,1,0.13755891173642407,0.13755891173642407,0.13755891173642407,0.13755891173642407,-0.0012323180488920116,0.0012323180488920116,0.0012324433046160266,0.33903265943747707,2.4646360977840231
203,119861,0,1,2,7.0204752630735072,-299.91783558163729,15.474439711452096,-302.00123187719555,0,1,1,0.13895476363180487,0.13895476363180487,0.13895476363180487,0.13895476363180487,-0.0012318771955790453,0.0012318771955790453,0.0012320064666369035,0.34235040907019376,2.4637543911580906
204,119862,0,1,2,7.1601191616790665,-299.9145341005875,15.629005953392749,-302.00123142270934,0,1,1,0.14041108433340466,0.14041108433340466,0.14041108433340466,0.14041108433340466,-0.0012314227093099817,0.0012314227093099817,0.0012315558360569412,0.34581079577398699,2.4628454186199633
205,119863,0,1,2,7.3012491342826742,-299.91113137892069,15.785212020354603,-302.0012309546405,0,1,1,0.1419308982697397,0.1419308982697397,0.1419308982697397,0.1419308982697397,-0.0012309546404480898,0.0012309546404480898,0.0012310917534250621,0.34942099569620366,2.4619092808961796
206,119864,0,1,2,7.4439301501192485,-299.90762370205255,15.943129555577753,-302.00123047251537,0,1,1,0.1435173613483906,0.1435173613483906,0.1435173613483906,0.1435173613483906,-0.0012304725153171603,0.0012304725153171603,0.001230613757456922,0.35318833722007192,2.4609450306343201
207,119865,0,1,2,7.5882303959330333,-299.90400712661824,16.102833744932582,-302.00122997581815,0,1,1,0.14517376609165392,0.14517376609165392,0.14517376609165392,0.14517376609165392,-0.0012299758181484324,0.0012299758181484324,0.0012301213442356129,0.3571204434445423,2.4599516362968643
208,119866,0,1,2,7.7342214146941615,-299.9002774656027,16.264403468865133,-302.00122946399415,0,1,1,0.14690354691734903,0.14690354691734903,0.14690354691734903,0.14690354691734903,-0.0012294639941217156,0.0012294639941217156,0.0012296139697696162,0.36122524308730153,2.4589279882434312
209,119867,0,1,2,7.8819782496187614,-299.89643027249474,16.427921460065285,-302.00122893645056,0,1,1,0.14871028555664709,0.14871028555664709,0.14871028555664709,0.14871028555664709,-0.0012289364506159473,0.0012289364506159473,0.0012290910523802268,0.3655109810041397,2.4578729012318949
210,119868,0,1,2,8.0315795936236043,-299.89246082439831,16.593474466994486,-302.00122839255567,0,1,1,0.15059771660507684,0.15059771660507684,0.15059771660507684,0.15059771660507684,-0.0012283925556459963,0.0012283925556459963,0.0012285519717920579,0.36998622794992364,2.4567851112919925
211,119869,0,1,2,8.1831079443405343,-299.8883641040286,16.761153423396202,-302.00122783163607,0,1,1,0.15256973319984493,0.15256973319984493,0.15256973319984493,0.15256973319984493,-0.0012278316361005182,0.0012278316361005182,0.0012279960670298351,0.37465989026837032,2.4556632722010363
212,119870,0,1,2,8.3366497648120212,-299.884134780517,16.931053623907459,-302.00122725297484,0,1,1,0.15463039282347085,0.15463039282347085,0.15463039282347085,0.15463039282347085,-0.0012272529748713621,0.0012272529748713621,0.0012274226341446592,0.37954121919626393,2.4545059497427246
213,119871,0,1,2,8.4922956499795585,-299.87976718894146,17.103274905877441,-302.00122665580835,0,1,1,0.1567839232153054,0.1567839232153054,0.1567839232153054,0.1567839232153054,-0.0012266558083524612,0.0012266558083524612,0.0012268309233149921,0.38463982013668141,2.4533116167049229
214,119872,0,1,2,8.650140499066449,-299.8752553084953,17.277921837484371,-302.00122603932306,0,1,1,0.15903472839020191,0.15903472839020191,0.15903472839020191,0.15903472839020191,-0.0012260393230576483,0.0012260393230576483,0.0012262201360044855,0.38996566147636025,2.4520786461152966
215,119873,0,1,2,8.8102836939462605,-299.87059273920045,17.4551039122254,-302.00122540265255,0,1,1,0.16138739474559211,0.16138739474559211,0.16138739474559211,0.16138739474559211,-0.0012254026525795325,0.0012254026525795325,0.0012255894214945329,0.39552908322829738,2.450805305159065
216,119874,0,1,2,8.9728292835758605,-299.86577267706429,17.634935749829367,-302.00122474487392,0,1,1,0.16384669725230158,0.16384669725230158,0.16384669725230158,0.16384669725230158,-0.0012247448739515221,0.0012247448739515221,0.0012249378737010375,0.40134080514728659,2.4494897479030442
217,119875,0,1,2,9.1378861745560869,-299.860787887573,17.817537303588349,-302.00122406500384,0,1,1,0.16641760570337949,0.16641760570337949,0.16641760570337949,0.16641760570337949,-0.0012240650037824707,0.0012240650037824707,0.0012242645272522168,0.40741193430955391,2.4481300075649415
218,119876,0,1,2,9.305568327866288,-299.85563067740713,18.00303407393913,-302.00122336199411,0,1,1,0.16910529101467872,0.16910529101467872,0.16910529101467872,0.16910529101467872,-0.0012233619941071083,0.0012233619941071083,0.0012235683534527197,0.41375397205956044,2.4467239882142167
219,119877,0,1,2,9.4759949617994295,-299.85029286425731,18.191557326855552,-302.00122263464499,0,1,1,0.17191513154590587,0.17191513154590587,0.17191513154590587,0.17191513154590587,-0.0012226346449892844,0.0012226346449892844,0.0012228482208342939,0.42037879165182951,2.4452692899785688
220,119878,0,1,2,9.6492907611025664,-299.84476574460882,18.383244349119185,-302.00122187254959,0,1,1,0.17485271943155944,0.17485271943155944,0.17485271943155944,0.17485271943155944,-0.0012218725496211391,0.0012218725496211391,0.0012220989697766527,0.42729547620005848,2.4437450992422782
221,119879,0,1,2,9.8257232142040785,-299.83903552516779,18.578390280787382,-302.00122108667341,0,1,1,0.17819826056597404,0.17819826056597404,0.17819826056597404,0.17819826056597404,-0.0012210866734676531,0.0012210866734676531,0.0012213139791583671,0.4351910424244545,2.4421733469353057
222,119880,0,1,2,10.005515589620416,-299.83308925913946,18.777241257242633,-302.00122028506024,0,1,1,0.18158311330540858,0.18158311330540858,0.18158311330540858,0.18158311330540858,-0.0012202850602989201,0.0012202850602989201,0.0012205205661643959,0.4431663207383123,2.4405701205978403
223,119881,0,1,2,10.18870636028894,-299.82691958175246,18.979838991526808,-302.00121945000478,0,1,1,0.18500617465778357,0.18500617465778357,0.18500617465778357,0.18500617465778357,-0.0012194500047826295,0.0012194500047826295,0.0012196966184205849,0.45121156114250038,2.4389000095652595
224,119882,0,1,2,10.375392718681221,-299.82051686760042,19.186290057172599,-302.00121857930168,0,1,1,0.18858608725318082,0.18858608725318082,0.18858608725318082,0.18858608725318082,-0.0012185793017351898,0.0012185793017351898,0.0012188353887268022,0.45961420504390538,2.4371586034703796
225,119883,0,1,2,10.565734591822197,-299.81386893345621,19.396770401183865,-302.0012176503746,0,1,1,0.19232979508255313,0.19232979508255313,0.19232979508255313,0.19232979508255313,-0.0012176503745990885,0.0012176503745990885,0.0012179306039001858,0.46838089405767347,2.4353007491981771
226,119884,0,1,2,10.760245333520162,-299.80695026007243,19.611846534438634,-302.00121670563226,0,1,1,0.19693772559199521,0.19693772559199521,0.19693772559199521,0.19693772559199521,-0.0012167056322311966,0.0012167056322311966,0.0012169708501801324,0.4792304798531648,2.4334112644623929
227,119885,0,1,2,10.959162626608773,-299.79974422671535,19.831780022600839,-302.00121574890323,0,1,1,0.2011578446740353,0.2011578446740353,0.2011578446740353,0.2011578446740353,-0.0012157489032631474,0.0012157489032631474,0.0012160360531083825,0.48911485809047395,2.4314978065262949
228,119886,0,1,2,11.162368665613439,-299.79224633909985,20.056439452193626,-302.00121470239696,0,1,1,0.20553081932027856,0.20553081932027856,0.20553081932027856,0.20553081932027856,-0.0012147023969362181,0.0012147023969362181,0.0012150194478408594,0.49931755774521425,2.4294047938724361
229,119887,0,1,2,11.370433831875978,-299.78442607225639,20.286453917523687,-302.00121362771392,0,1,1,0.21089336444000986,0.21089336444000986,0.21089336444000986,0.21089336444000986,-0.0012136277139234153,0.0012136277139234153,0.0012139311315308987,0.51189206353389372,2.427255427846831
230,119888,0,1,2,11.583726863213496,-299.77625924576614,20.522229445597873,-302.00121252940261,0,1,1,0.21600531223758723,0.21600531223758723,0.21600531223758723,0.21600531223758723,-0.0012125294026361642,0.0012125294026361642,0.0012128600953360547,0.5238255844273596,2.4250588052723283
231,119889,0,1,2,11.802321609014072,-299.76773164772021,20.763846041733885,-302.00121134240311,0,1,1,0.22151675203256185,0.22151675203256185,0.22151675203256185,0.22151675203256185,-0.0012113424030815167,0.0012113424030815167,0.0012116970248712278,0.53666526945987192,2.4226848061630335
232,119890,0,1,2,12.026817617758155,-299.7588075125941,21.011964377627503,-302.00121012441878,0,1,1,0.22782990793615457,0.22782990793615457,0.22782990793615457,0.22782990793615457,-0.0012101244188045257,0.0012101244188045257,0.0012104730005830788,0.55140506985505522,2.420248837609051
233,119891,0,1,2,12.257535840184392,-299.74946059646572,21.26693709531337,-302.00120883999938,0,1,1,0.23398508054301917,0.23398508054301917,0.23398508054301917,0.23398508054301917,-0.0012088399993501751,0.0012088399993501751,0.0012092329774873178,0.56570104922314801,2.4176799987003506
234,119892,0,1,2,12.494917574932032,-299.73965785741223,21.529249508751548,-302.00120747988223,0,1,1,0.24118306036373979,0.24118306036373979,0.24118306036373979,0.24118306036373979,-0.0012074798822823141,0.0012074798822823141,0.00120787216815188,0.58244738667299356,2.4149597645646286
235,119893,0,1,2,12.739587814761908,-299.72935700886171,21.799589482355255,-302.00120608454489,0,1,1,0.24859094354772959,0.24859094354772959,0.24859094354772959,0.24859094354772959,-0.0012060845449184399,0.0012060845449184399,0.0012064978574244378,0.59964339003921796,2.4121690898368793
236,119894,0,1,2,12.991801189993922,-299.71852908913297,22.078235543581556,-302.00120455948058,0,1,1,0.25630049734037458,0.25630049734037458,0.25630049734037458,0.25630049734037458,-0.001204559480612488,0.001204559480612488,0.001205026664365505,0.61745838791408802,2.4091189612249764
237,119895,0,1,2,13.25250951030506,-299.70711261785226,22.36623577865187,-302.00120296956487,0,1,1,0.26561588283481746,0.26561588283481746,0.26561588283481746,0.26561588283481746,-0.0012029695648720919,0.0012029695648720919,0.0012034203193707071,0.63905564599383369,2.4059391297441834
238,119896,0,1,2,13.522502849026537,-299.69505004735947,22.664459060998901,-302.00120132355363,0,1,1,0.27490950371522688,0.27490950371522688,0.27490950371522688,0.27490950371522688,-0.0012013235536301181,0.0012013235536301181,0.0012018231241768262,0.66051052385973708,2.4026471072602367
239,119897,0,1,2,13.802223715831449,-299.68229560329974,22.973389868769011,-302.00119953916186,0,1,1,0.28511355381110004,0.28511355381110004,0.28511355381110004,0.28511355381110004,-0.0011995391618881968,0.0011995391618881968,0.0012000698104088769,0.68400974676306447,2.3990783237763935
240,119898,0,1,2,14.092644080909341,-299.66877619473865,23.294096671976551,-302.00119764314314,0,1,1,0.29635624832483393,0.29635624832483393,0.29635624832483393,0.29635624832483393,-0.0011976431431719448,0.0011976431431719448,0.0011982071615648238,0.70985805748479902,2.3952862863438895
241,119899,0,1,2,14.394845583784917,-299.65440859786884,23.62776817906882,-302.00119562549298,0,1,1,0.30872952887691324,0.30872952887691324,0.30872952887691324,0.30872952887691324,-0.0011956254929827992,0.0011956254929827992,0.0011962263654368144,0.73824979032361338,2.3912509859655979
242,119900,0,1,2,14.710003193686141,-299.63909930455247,23.97569505830629,-302.00119347324886,0,1,1,0.32232901376671252,0.32232901376671252,0.32232901376671252,0.32232901376671252,-0.0011934732489180535,0.0011934732489180535,0.0011941149751351077,0.7693821105614207,2.386946497836107
243,119901,0,1,2,15.039388513465756,-299.62274339271778,24.339273335065787,-302.00119117672926,0,1,1,0.33725339224605672,0.33725339224605672,0.33725339224605672,0.33725339224605672,-0.0011911767292644981,0.0011911767292644981,0.0011918608992687041,0.80345678541802945,2.3823534585289967
244,119902,0,1,2,15.384372372171034,-299.60522329864807,24.720007252643065,-302.0011886548661,0,1,1,0.3536036291115075,0.3536036291115075,0.3536036291115075,0.3536036291115075,-0.0011886548660697827,0.0011886548660697827,0.001189426694395479,0.84062534880665607,2.3773097321395649
245,119903,0,1,2,15.747028287267291,-299.58637548489776,25.120174317789271,-302.00118598121384,0,1,1,0.37268722478161664,0.37268722478161664,0.37268722478161664,0.37268722478161664,-0.001185981213808418,0.001185981213808418,0.00118675301928306,0.88400009443478478,2.3719624276168356
246,119904,0,1,2,16.129255924400308,-299.5660336562571,25.541858069305409,-302.00118306224351,0,1,1,0.39285001445982104,0.39285001445982104,0.39285001445982104,0.39285001445982104,-0.0011830622435127225,0.0011830622435127225,0.0011839757063398793,0.92953203894168279,2.366124487025445
247,119905,0,1,2,16.533433310582275,-299.5439903786052,25.987666687124008,-302.00117986298409,0,1,1,0.41670625930015665,0.41670625930015665,0.41670625930015665,0.41670625930015665,-0.001179862984116653,0.001179862984116653,0.001180796614562496,0.98331258119594123,2.359725968233306
248,119906,0,1,2,16.962534049705134,-299.51998833545156,26.460861558167124,-302.00117640823879,0,1,1,0.44283696141383927,0.44283696141383927,0.44283696141383927,0.44283696141383927,-0.001176408238734439,0.001176408238734439,0.0011774692064250303,1.0419140996467307,2.352816477468878
249,119907,0,1,2,17.419588439004581,-299.49374293776629,26.964761863172093,-302.00117257701822,0,1,1,0.47277793048444383,0.47277793048444383,0.47277793048444383,0.47277793048444383,-0.0011725770182238193,0.0011725770182238193,0.0011737280067336542,1.1087370720189544,2.3451540364476382
250,119908,0,1,2,17.908541547998006,-299.46488929506836,27.503689569757412,-302.00116830464032,0,1,1,0.50682981790309956,0.50682981790309956,0.50682981790309956,0.50682981790309956,-0.0011683046403732078,0.0011683046403732078,0.0011696203104065717,1.1842632562713984,2.3366092807464156
251,119909,0,1,2,18.434385511698245,-299.43296192060285,28.083112632205463,-302.00116359418348,0,1,1,0.54679524832708248,0.54679524832708248,0.54679524832708248,0.54679524832708248,-0.0011635941834526875,0.0011635941834526875,0.0011649980970105389,1.272495540985922,2.327188366905375
252,119910,0,1,2,19.002675958735423,-299.39741262761231,28.70910972623382,-302.0011583454488,0,1,1,0.5920077652942618,0.5920077652942618,0.5920077652942618,0.5920077652942618,-0.0011583454488004463,0.0011583454488004463,0.0011599718935713099,1.3714990011662618,2.3166908976008922
253,119911,0,1,2,19.619836606162242,-299.35757555645978,29.388702438041225,-302.00115242384805,0,1,1,0.64488295353279468,0.64488295353279468,0.64488295353279468,0.64488295353279468,-0.0011524238480831173,0.0011524238480831173,0.001154216241047834,1.4863569897469389,2.304847696166235
254,119912,0,1,2,20.293723545407609,-299.3126128566019,30.130472619590964,-302.00114575160489,0,1,1,0.70588842320656409,0.70588842320656409,0.70588842320656409,0.70588842320656409,-0.0011457516048949401,0.0011457516048949401,0.0011478114332703626,1.6175455875313589,2.2915032097898802
255,119913,0,1,2,21.033460282104958,-299.26149530451767,30.944374421149146,-302.00113822067783,0,1,1,0.77711431658139107,0.77711431658139107,0.77711431658139107,0.77711431658139107,-0.0011382206778307591,0.0011382206778307591,0.001140508832179421,1.7690551683425162,2.2764413556615182
256,119914,0,1,2,21.849211969769012,-299.20298736097914,31.841478478904893,-302.00112979157342,0,1,1,0.85858154153206356,0.85858154153206356,0.85858154153206356,0.85858154153206356,-0.0011297915734189701,0.0011297915734189701,0.0011323699648073671,1.9400363814319899,2.2595831468379401
257,119915,0,1,2,22.751247642318106,-299.13567969188625,32.832932143959063,-302.00112029095231,0,1,1,0.95050721434209473,0.95050721434209473,0.95050721434209473,0.95050721434209473,-0.0011202909523433391,0.0011202909523433391,0.0011231977471197752,2.1296892647290391,2.2405819046866782
258,119916,0,1,2,23.749475261169021,-299.05799731103218,33.929439611255404,-302.00110974517861,0,1,1,1.0519869462714031,1.0519869462714031,1.0519869462714031,1.0519869462714031,-0.0011097451786383772,0.0011097451786383772,0.0011129269892080629,2.3348748832303983,2.2194903572767544
259,119917,0,1,2,24.850892956618928,-298.96838930354266,35.138454034624047,-302.00109813031725,0,1,1,1.1581303968364025,1.1581303968364025,1.1581303968364025,1.1581303968364025,-0.0010981303172172827,0.0010981303172172827,0.0011016543500090847,2.5435562001138727,2.1962606344345654
260,119918,0,1,2,26.056942503217481,-298.86558371827061,36.461272025485876,-302.00108526827813,0,1,1,1.2627210640190598,1.2627210640190598,1.2627210640190598,1.2627210640190598,-0.0010852682781319345,0.0010852682781319345,0.0010891701470541193,2.7407822298177784,2.170536556263869
261,119919,0,1,2,27.362058474362723,-298.7488188324927,37.89145729893761,-302.00107094864353,0,1,1,1.3579429088909403,1.3579429088909403,1.3579429088909403,1.3579429088909403,-0.0010709486435303006,0.0010709486435303006,0.0010753142194630527,2.9085742325366861,2.1418972870606012
262,119920,0,1,2,28.753325421914475,-298.61803383470317,39.414498662902233,-302.00105481172307,0,1,1,1.4368658636326108,1.4368658636326108,1.4368658636326108,1.4368658636326108,-0.001054811723037119,0.001054811723037119,0.0010597628024697769,3.0312459147830646,2.109623446074238
263,119921,0,1,2,30.212865427643045,-298.47382285821152,41.010474862215744,-302.00103656587521,0,1,1,1.4964371768210147,1.4964371768210147,1.4964371768210147,1.4964371768210147,-0.0010365658752107265,0.0010365658752107265,0.0010421490409271428,3.102311423778688,2.0731317504214535
264,119922,0,1,2,31.721668365550826,-298.31718834115378,42.658294592532258,-302.0010161374538,0,1,1,1.5373956349006115,1.5373956349006115,1.5373956349006115,1.5373956349006115,-0.0010161374538313339,0.0010161374538313339,0.0010223486427207717,3.124410571958629,2.0322749076626683
265,119923,0,1,2,33.262984774260367,-298.1492289336731,44.339433684873129,-302.0009936699272,0,1,1,1.5634962916213793,1.5634962916213793,1.5634962916213793,1.5634962916213793,-0.00099366992719751579,0.00099366992719751579,0.0010004303708797124,3.1071984925380036,1.9873398543950314
266,119924,0,1,2,34.824111084638325,-297.97090113039172,46.039885837704873,-302.00096943790226,0,1,1,1.5790715082956404,1.5790715082956404,1.5790715082956404,1.5790715082956404,-0.00096943790225623172,0.00096943790225623172,0.00097666782471605984,3.0616235410294186,1.9388758045124634
267,119925,0,1,2,36.396386540195138,-297.7829288311176,47.750140099102353,-302.00094368756129,0,1,1,1.5878835954989632,1.5878835954989632,1.5878835954989632,1.5878835954989632,-0.00094368756131757436,0.00094368756131757436,0.0009513246050687485,2.9969319957851965,1.8873751226351487
268,119926,0,1,2,37.97437357122233,-297.58580751408545,49.464261189728596,-302.00091657442448,0,1,1,1.5926306074229213,1.5926306074229213,1.5926306074229213,1.5926306074229213,-0.00091657442445125536,0.00091657442445125536,0.0009245911575703758,2.9195289647242344,1.8331488489025107
269,119927,0,1,2,39.554871179389067,-297.37985150146631,51.178790077783233,-302.00088814944974,0,1,1,1.5951011851969492,1.5951011851969492,1.5951011851969492,1.5951011851969492,-0.00088814944973592002,0.00088814944973592002,0.0008965438834707129,2.8333764798115686,1.7762988994718403
270,119928,0,1,2,41.136089103500154,-297.16524880746067,52.891825434387712,-302.00085838093145,0,1,1,1.5963388974246173,1.5963388974246173,1.5963388974246173,1.5963388974246173,-0.0008583809314757217,0.0008583809314757217,0.00086717335977937182,2.7405337394445395,1.7167618629514434
271,119929,0,1,2,42.717052196475862,-296.94210866620045,54.602361488646856,-302.00082717991876,0,1,1,1.5969377119055335,1.5969377119055335,1.5969377119055335,1.5969377119055335,-0.00082717991875824726,0.00082717991875824726,0.00083640140354646064,2.6419096135920013,1.6543598375164947
272,119930,0,1,2,44.297240913279353,-296.71049302282086,56.309886926519184,-302.00079442691964,0,1,1,1.5972196159829408,1.5972196159829408,1.5972196159829408,1.5972196159829408,-0.00079442691964004553,0.00079442691964004553,0.00080411538772295899,2.5377485190279678,1.5888538392800906
273,119931,0,1,2,45.876376581441534,-296.47043729895915,58.014142393280395,-302.00075999633123,0,1,1,1.5973472029423976,1.5973472029423976,1.5973472029423976,1.5973472029423976,-0.00075999633119749898,0.00075999633119749898,0.0007701863726197189,2.4279560277696177,1.5199926623949978
274,119932,0,1,2,47.454302588306689,-296.2219627936197,59.714978458896432,-302.00072371109633,0,1,1,1.5974035843550356,1.5974035843550356,1.5974035843550356,1.5974035843550356,-0.00072371109629898456,0.00072371109629898456,0.00073447034498030916,2.3121173985310204,1.4474221925979691
275,119933,0,1,2,49.030922899606466,-295.96508350789509,61.412261182206308,-302.00068550755111,0,1,1,1.5974276540977368,1.5974276540977368,1.5974276540977368,1.5974276540977368,-0.00068550755113960804,0.00068550755113960804,0.00069680512950753837,2.1900974385664567,1.3710151022792159
276,119934,0,1,2,50.606169829877203,-295.69980998204204,63.10577611561714,-302.00064459826842,0,1,1,1.5974376155044943,1.5974376155044943,1.5974376155044943,1.5974376155044943,-0.00064459826842266921,0.00064459826842266921,0.00065691967540715268,2.0594110417348692,1.2891965368453384
277,119935,0,1,2,52.179988793839328,-295.42615120286018,64.795054781702675,-302.000602523677,0,1,1,1.5974416291295592,1.5974416291295592,1.5974416291295592,1.5974416291295592,-0.00060252367697444232,0.00060252367697444232,0.00061449404671520824,1.9249928082703711,1.2050473539488846
278,119936,0,1,2,53.752331014217575,-295.14411556789469,66.478984474616752,-302.00054945964956,0,1,1,1.597443186132967,1.597443186132967,1.597443186132967,1.597443186132967,-0.00054945964956232274,0.00054945964956232274,0.00056812581033227616,1.7554611464966805,1.0989192991246455
279,119937,0,1,2,55.323150219071167,-294.85371134374969,68.154691702010268,-302.00051772462695,0,1,1,1.5974437765692273,1.5974437765692273,1.5974437765692273,1.5974437765692273,-0.00051772462691701548,0.00051772462691701548,0.00051806856384928324,1.6540719664904229,1.035449253834031
280,119938,0,1,2,56.892401208437633,-294.55494687394196,69.810588602164728,-302.00033690344122,0,1,1,1.5974439926260426,1.5974439926260426,1.5974439926260426,1.5974439926260426,-0.00033690344125147931,0.00033690344125147931,0.00044164453839812268,1.0763687566444331,0.67380688250295873
281,119939,0,0,0,58.460039235210957,-294.24783067293606,71.450195437297921,-301.98533667824302,0,1,1,1.5974440694531109,0,1.5974440694531109,0,0.01466332175698426,0,0,0,0
282,119940,0,0,0,60.026019757843599,-293.93237146513991,73.092282769165877,-301.93598397896324,0,1,1,1.5974440960064524,0,1.5974440960064524,0,0.064016021036735538,0,0,0,0
283,119941,0,0,0,61.590298341652925,-293.60857820109607,74.740138421991077,-301.84927096155576,0,1,1,1.5974441048579973,0,1.5974441048579973,0,0.1507290384442399,0,0,0,0
284,119942,0,0,0,63.152830622016367,-293.2764600637214,76.389882771577248,-301.72875931090203,0,1,1,1.5974441077418204,0,1.5974441077418204,0,0.27124068909796506,0,0,0,0
285,119943,0,0,0,64.713572291555124,-292.93602647053439,78.039124155004174,-301.57722909578303,0,1,1,1.5974441086477622,0,1.5974441086477622,0,0.42277090421694657,0,0,0,0
